Title,Composer,CatNo,Date,Range,Inst1,Inst2,Inst3,Genre,Subgenre,Species ,Species2,Nationality,Key,Modulation,Folder,Filename,Comments
"Ach bleib bei uns, Herr Jesu Christ",Bach,BWV253,,1700-1750,SATB,,,Chorale,,,,Germany,A major,,Bach,Ach bleib bei uns Herr Jesu Christ BWV 253 A major,
"Ach Gott, erhor mein Seufzen",Bach,BWV254,,1700-1750,SATB,,,Chorale,,,,Germany,D minor,,Bach,Ach Gott erhor mein Seufzen BWV 254 D minor,
Ach Gott und Herr,Bach,BWV255,,1700-1750,SATB,,,Chorale,,,,Germany,C major,,Bach,Ach Gott und Herr BWV 255 C major,
Ach Gott und Herr,Bach,BWV48,1723,,SATB,,,Chorale,,,,Germany,Bb major,,Bach,Ach Gott und Herr BWV 48 Bb major,third movement from cantata BWV 48
Ach Gott vom Himmel sieh darein,Bach,BWV153,,1700-1750,SATB,,,Chorale,,,,Germany,A minor,,Bach,Ach Gott vom Himmel sieh darein BWV 153 A minor,first movement from cantata BWV 153
Ach Gott vom Himmel sieh darein,Bach,BWV2,1724,,SATB,,,Chorale,,,,Germany,G minor,,Bach,Ach Gott vom Himmel sieh darein BWV 2 G minor,sixth movement from cantata BWV 2
Ach Gott vom Himmel sieh darein,Bach,BWV77,1723,,SATB,,,Chorale,,,,Germany,G minor,,Bach,Ach Gott vom Himmel sieh darein BWV 77 G minor,sixth movement from cantata BWV 77
"Ach Gott, wie manches Herzeleid",Bach,BWV153,1723,,SATB,,,Chorale,,,,Germany,C major,,Bach,Ach Gott wie manches Herzeleid BWV 153 C major,ninth movement from cantata BWV 153
"Ach Gott, wie manches Herzeleid",Bach,BWV3,1725,,SATB,,,Chorale,,,,Germany,A major,,Bach,Ach Gott wie manches Herzeleid BWV 3 6 A major,sixth movement from cantata BWV 3
"Ach Gott, wie manches Herzeleid",Bach,BWV3,1725,,SATB,,,Chorale,,,,Germany,A major,,Bach,Ach Gott wie manches Herzeleid BWV 3 A major,sixth movement from cantata BWV 3
"Ach lieben Christen, seid getrost",Bach,BWV114,1724,,SATB,,,Chorale,,,,Germany,G minor,,Bach,Ach lieben Christen seid getrost BWV 114 G minor,seventh movement from cantata BWV 114
"Ach lieben Christen, seid getrost",Bach,BWV256,,1700-1750,SATB,,,Chorale,,,,Germany,A minor,,Bach,Ach lieben Christen seid getrost BWV 256 A minor,
"Ach, was soll ich Sunder machen?",Bach,BWV259,,1700-1750,SATB,,,Chorale,,,,Germany,E minor,,Bach,Ach was soll ich Sunder machen BWV 259 E minor,
"Ach wie fluchtig, ach wie nichtig",Bach,BWV26,1724,,SATB,,,Chorale,,,,Germany,A minor,,Bach,Ach wie fluchtig ach wie nichtig BWV 26 A minor,last movement from cantata BWV 26
"Ach wie fluchtig, ach wie nichtig; Ach wie fluchtig, ach wie nichtig",Bach,BWV26,1724,,SATB,Orchestra,,Cantata,,CantataChorus,,Germany,A minor,,Bach,Ach wie fluchtig ach wie nichtig BWV 26 Ach wie fluchtig ach wie nichtig A minor,
"Ach wie fluchtig, ach wie nichtig; An irdische Schatze das Herze zu hangen",Bach,BWV26,1724,,Bass,Oboe,Oboe,Cantata,,CantataAria,,Germany,E minor,,Bach,Ach wie fluchtig ach wie nichtig BWV 26 An irdische Schatze das Herze zu hangen E minor,also a third oboe and continuo in orchestration
"Ach wie fluchtig, ach wie nichtig; So schnell ein rauschend Wasser schiesst",Bach,BWV26,1724,,Tenor,Violin,Flute,Cantata,,CantataAria,,Germany,C major,,Bach,Ach wie fluchtig ach wie nichtig BWV 26 So schnell ein rauschend Wasser schiesst C major,continuo also in orchestration
Alla Breve in D major,Bach,BWV589,1709,,Organ,,,Fugue,,,,Germany,D major,,Bach,Alla Breve BWV589 D major,
Alle Menschen mussen sterben,Bach,BWV262,,1700-1750,SATB,,,Chorale,,,,Germany,D major,,Bach,Alle Menschen mussen sterben BWV 262 D major,
Allein Gott in der Hoh sei Ehr,Bach,BWV104,1724,,SATB,,,Chorale,,,,Germany,A major,,Bach,Allein Gott in der Hoh sei Ehr BWV 104 A major,sixth movement from cantata BWV 104
Allein Gott in der Hoh sei Ehr,Bach,BWV104,1724,,SATB,,,Chorale,,,,Germany,G major,,Bach,Allein Gott in der Hoh sei Ehr BWV 104 G major,sixth movement from cantata BWV 104
Allein Gott in der Hoh sei Ehr,Bach,BWV112,1731,,SATB,,,Chorale,,,,Germany,G major,,Bach,Allein Gott in der Hoh sei Ehr BWV 112 G major,fifth movement from cantata BWV 112
Allein Gott in der Hoh sei Ehr,Bach,BWV260,,1700-1750,SATB,,,Chorale,,,,Germany,G major,,Bach,Allein Gott in der Hoh sei Ehr BWV 260 G major,
Allein Gott in der Hoh sei Ehr Chorale Prelude,Bach,BWV662,1723,,Organ,,,Prelude,,ChoralePrelude,,Germany,A major,,Bach,Allein Gott in der Hoh sei Ehr BWV662 A major,
Trio super Allein Gott in der H_h sei Her,Bach,BWV664,1723,,Organ,,,Prelude,,ChoralePrelude,,Germany,A major,,Bach,Allein Gott in der Hoh sei Ehr BWV664 A major,
Allein Gott in der Hoh sei Ehr,Bach,BWV711,,1708-1717,Organ,,,Prelude,,ChoralePrelude,,Germany,C major,,Bach,Allein Gott in der Hoh sei Her BWV711 C major,
"Allein zu dir, Herr Jesu Christ",Bach,BWV261,,1700-1750,SATB,,,Chorale,,,,Germany,B minor,,Bach,Allein zu dir Herr Jesu Christ BWV 261 B minor,
"Allein zu dir, Herr Jesu Christ",Bach,BWV33,1724,,SATB,,,Chorale,,,,Germany,A minor,,Bach,Allein zu dir Herr Jesu Christ BWV 33 A minor,sixth movement from cantata BWV 33
Allemande in A minor,Bach,BWV835,,1730-1740,harpsichord,,,SoloDanceOneMovement,,Allemande,,Germany,A minor,,Bach,Allemande bwv835 A minor,Probably by Kirnberger
Alles ist an Gottes Segen,Bach,BWV263,,1700-1750,SATB,,,Chorale,,,,Germany,G major,,Bach,Alles ist an Gottes Segen BWV 263 G major,
"Alles nur nach Gottes Willen; Mit allem, was ich hab und bin",Bach,BWV72,1726,,Alto,Violin,Violin,Cantata,,CantataAria,,Germany,C# minor,,Bach,Alles nur nach Gottes Willen BWV 72 Mit allem was ich hab und bin C# minor,also continuo in orchestration
Als der gutige Gott,Bach,BWV264,,1700-1750,SATB,,,Chorale,,,,Germany,G major,,Bach,Als der gutige Gott BWV 264 G major,
Als Jesus Christus in der Nacht,Bach,BWV265,,1700-1750,SATB,,,Chorale,,,,Germany,D minor,,Bach,Als Jesus Christus in der Nacht BWV 265 D minor,
Als vierzig Tag nach Ostern,Bach,BWV266,,1700-1750,SATB,,,Chorale,,,,Germany,E minor,,Bach,Als vierzig Tag nach Ostern BWV 266 E minor,
Also hat Gott die Welt geliebt; Mein glaubiges Herze,Bach,BWV68,1725,,Soprano,Cello,Violin,Cantata,,CantataAria,,Germany,F major,,Bach,Also hat Gott die Welt geliebt BWV 68 Mein glaubiges Herze F major,also oboe and continuo in orchestration
Am Abend aber desselbigen Sabbatas; Wo zwei und drei versammlet sind,Bach,BWV42,1725,,Alto,Orchestra,,Cantata,,CantataAria,,Germany,G major,,Bach,Am Abend aber desselbigen Sabbatas BWV 40 Wo zwei und drei versammlet sind G major,
"Am Abend aber desselbigen Sabbatas; Verzage nicht, o Hauflein klein",Bach,BWV42,1725,,Soprano,Tenor,Cello,Cantata,,OperaDuet,,Germany,B minor,,Bach,Am Abend aber desselbigen Sabbatas BWV 42 Verzage nicht o Hauflein klein B minor,continuo also in orchestration
An Wasseflussen Babylon,Bach,BWV653,1723,,Organ,,,Prelude,,ChoralePrelude,,Germany,G major,,Bach,An Wasseflussen Babylon BWV653 G major,
An Wasserflussen Babylon,Bach,BWV267,,1700-1750,SATB,,,Chorale,,,,Germany,G major,,Bach,An Wasserflussen Babylon BWV 267 G major,
Aria in F major,Bach,BWV587,1705,,Organ,,,Trio,,,,Germany,F major,,Bach,Aria or Trio bwv587 F major,
"Auf, auf, mein Herz, und du mein ganzer Sinn",Bach,BWV268,,1700-1750,SATB,,,Chorale,,,,Germany,G major,,Bach,Auf auf mein Herz und du mein ganzer Sinn BWV 268 G major,
Auf meinen lieben Gott,Bach,BWV5,1724,,SATB,,,Chorale,,,,Germany,G minor,,Bach,Auf meinen lieben Gott BWV 5 G minor,seventh movement from cantata BWV 5
Aus meines Herzens Grunde,Bach,BWV269,,1700-1750,SATB,,,Chorale,,,,Germany,G major,,Bach,Aus meines Herzens Grunde BWV 269 G major,
Aus tiefer Not schrei ich zu dir,Bach,BWV38,1724,,SATB,,,Chorale,,,,Germany,A minor,,Bach,Aus tiefer Not schrei ich zu dir BWV 38 A minor,sixth movement from cantata BWV 38
Aus tiefer Not schrei ich zu dir_,Bach,BWV686,1739,,organ,,,Prelude,,ChoralePrelude,,Germany,A minor,,Bach,Aus tiefer Not schrei ich zu dir_BWV686 A minor,Modal
Befiehl du deine Wege,Bach,BWV161,1715,,SATB,,,Chorale,,,,Germany,A minor,,Bach,Befiehl du deine Wege BWV 161 A minor,sixth movement from cantata BWV 161 
Befiehl du deine Wege,Bach,BWV270,,1700-1750,SATB,,,Chorale,,,,Germany,B minor,,Bach,Befiehl du deine Wege BWV 270 B minor,
Befiehl du deine Wege,Bach,BWV271,,1700-1750,SATB,,,Chorale,,,,Germany,B minor,,Bach,Befiehl du deine Wege BWV 271 B minor,
Befiehl du deine Wege,Bach,BWV272,,1700-1750,SATB,,,Chorale,,,,Germany,D minor,,Bach,Befiehl du deine Wege BWV 272 D minor,
"Bleib bei uns, denn es will Abend werden; Ach bleib bei uns, Herr Jesu Christ",Bach,BWV6,1725,,Soprano,Orchestra,,Cantata,,CantataChorale,,Germany,Bb major,,Bach,Bleib bei uns denn es will Abend werden BWV 6 Ach bleib bei uns Herr Jesu Christ Bb major,
Canon on Von Himmel Hoch,Bach,BWV769,1747,,organ,,,Prelude,,ChoralePrelude,,Germany,C major,,Bach,Canon on Von Himmel Hoch BWV769 C major,
Canzona in D minor,Bach,BWV588,1705,,Organ,,,SoloDanceOneMovement,,OtherSpecified,Canzona,Germany,D minor,,Bach,Canzona BWV588 D minor,
"Christ, der du bist der helle Tag",Bach,BWV273,,1700-1750,SATB,,,Chorale,,,,Germany,G minor,,Bach,Christ der du bist der helle Tag BWV 273 G minor,
Christ ist erstanden,Bach,BWV276,,1700-1750,SATB,,,Chorale,,,,Germany,D minor,,Bach,Christ ist erstanden BWV 276 D minor,
Christ lag in Todesbanden,Bach,BWV277,,1700-1750,SATB,,,Chorale,,,,Germany,D minor,,Bach,Christ lag in Todesbanden BWV 277 D minor,
Christ lag in Todesbanden,Bach,BWV278,,1700-1750,SATB,,,Chorale,,,,Germany,E minor,,Bach,Christ lag in Todesbanden BWV 278 E minor,
Christ lag in Todesbanden,Bach,BWV279,,1732-1735,SATB,,,Chorale,,,,Germany,E minor,,Bach,Christ lag in Todesbanden BWV 279 E minor,fourth movement from cantata BWV 158
Christ lag in Todesbanden,Bach,BWV4,,1707-1725,SATB,,,Chorale,,,,Germany,D minor,,Bach,Christ lag in Todesbanden BWV 4 D minor,eighth movement from cantata BWV 4
"Christ, unser Herr zum Jordan kam",Bach,BWV176,1725,,SATB,,,Chorale,,,,Germany,C minor,,Bach,Christ unser Herr zum Jordan kam BWV 176 C minor,sixth movement from cantata BWV 176
"Christ, unser Herr zum Jordan kam",Bach,BWV280,,1700-1750,SATB,,,Chorale,,,,Germany,A minor,,Bach,Christ unser Herr zum Jordan kam BWV 280 A minor,
"Christe, du Beistand deiner Kreuzgemeinde",Bach,BWV275,,1700-1750,SATB,,,Chorale,,,,Germany,D minor,,Bach,Christe du Beistand deiner Kreuzgemeinde BWV 275 D minor,
"Christe, der du bist Tag und Licht",Bach,BWV274,,1700-1750,SATB,,,Chorale,,,,Germany,G minor,,Bach,"Christe, der du bist Tag und Licht BWV 274 G minor",
Christum wir sollen loben schon,Bach,BWV121,1724,,SATB,,,Chorale,,,,Germany,B minor,,Bach,Christum wir sollen loben schon BWV 121 B minor,last movement from cantata BWV 121 
"Christus, der ist mein Leben",Bach,BWV281,,1700-1750,SATB,,,Chorale,,,,Germany,F major,,Bach,Christus der ist mein Leben BWV 281 F major,
Christus der ist mein Leben,Bach,BWV282,,1700-1750,SATB,,,Chorale,,,,Germany,G major,,Bach,Christus der ist mein Leben BWV 282 G major,
"Christus, der uns delig macht",Bach,BWV245,,1724-1749,SATB,,,Chorale,,,,Germany,A minor,,Bach,Christus der uns delig macht BWV 245 A minor,fifteenth movement from passion BWV 245
"Christus, der uns selig macht",Bach,BWV245,,1724-1749,SATB,,,Chorale,,,,Germany,Bb minor,,Bach,Christus der uns selig macht BWV 245 Bb minor,thirty-seventh movement from passion BWV 245
"Christus, der uns selig macht",Bach,BWV283,,1700-1750,SATB,,,Chorale,,,,Germany,A minor,,Bach,Christus der uns selig macht BWV 283 A minor,
"Christus ist erstanden, hat uberwunden",Bach,BWV284,,1700-1750,SATB,,,Chorale,,,,Germany,C major,,Bach,Christus ist erstanden hat uberwunden BWV 284 C major,
Fantasy from Fantasy and Fugue D minor,Bach,BWV903,1723,,harpsichord,,,FantasyAndFugue,,Fantasy,,Germany,D minor,,Bach,Chromatic Fantasy and Fugue BWV 903 Fantasy D minor,
Fugue from Fantasy and Fugue D minor,Bach,BWV903,1723,,harpsichord,,,FantasyAndFugue,,Fugue,,Germany,D minor,,Bach,Chromatic Fantasy and Fugue BWV 903 Fugue D minor,
"Concerto 1, first movement, arrangement of Vivaldi",Bach,BWV972,,1713-1714,harpsichord,,,Concerto,,FirstMovement,,Germany,D major,,Bach,Concerto 1 BWV972 I D major,arrangement of Vivaldi
"Concerto 1, second movement, arrangement of Vivaldi",Bach,BWV972,,1713-1714,harpsichord,,,Concerto,,SlowMovement,,Germany,D major,,Bach,Concerto 1 BWV972 II Larghetto D major,arrangement of Vivaldi
"Concerto 1, third movement, arrangement of Vivaldi",Bach,BWV972,,1713-1714,harpsichord,,,Concerto,,LastMovement,,Germany,D major,,Bach,Concerto 1 BWV972 III D major,arrangement of Vivaldi
"Concerto 2, first movement, arrangement of Vivaldi",Bach,BWV973,,1713-1714,harpsichord,,,Concerto,,FirstMovement,,Germany,G major,,Bach,Concerto 2 BWV973 I G major,arrangement of Vivaldi
"Concerto 2, second movement, arrangement of Vivaldi",Bach,BWV973,,1713-1714,harpsichord,,,Concerto,,SlowMovement,,Germany,E minor,,Bach,Concerto 2 BWV973 II E minor,arrangement of Vivaldi
"Concerto 2, third movement, arrangement of Vivaldi",Bach,BWV973,,1713-1714,harpsichord,,,Concerto,,LastMovement,,Germany,G major,,Bach,Concerto 2 BWV973 III G major,arrangement of Vivaldi
Allegro from Concerto after Vivaldi in A minor,Bach,BWV593,1714,,Organ,,,Concerto,,FirstMovement,,Germany,A minor,,Bach,Concerto after Vivaldi BWV593 i A minor,
Larghetto from Concerto after Vivaldi in A minor,Bach,BWV593,1714,,Organ,,,Concerto,,SlowMovement,,Germany,D minor,,Bach,Concerto after Vivaldi BWV593 ii D minor,
Allegro from Concerto after Vivaldi in D minor,Bach,BWV596,1714,,Organ,,,Concerto,,LastMovement,,Germany,D minor,,Bach,Concerto after Vivaldi BWV596 Allegro D minor,
Fugue from Concerto after Vivaldi in D minor,Bach,BWV596,1714,,Organ,,,Concerto,,Fugue,,Germany,D minor,,Bach,Concerto after Vivaldi BWV596 Fugue D minor,
Largo from Concerto after Vivaldi in D minor,Bach,BWV596,1714,,Organ,,,Concerto,,SlowMovement,,Germany,D minor,,Bach,Concerto after Vivaldi BWV596 Largo D minor,
Prelude from Concerto after Vivaldi in D minor,Bach,BWV596,1714,,Organ,,,Concerto,,FirstMovement,,Germany,D minor,,Bach,Concerto after Vivaldi BWV596 Prelude D minor,
Concerto from Concerto and Fugue ,Bach,BWV909,1703,,harpsichord,,,PreludeAndFugue,Concerto and Fugue,Prelude,Concerto,Germany,C minor,,Bach,Concerto and Fugue BWV909 Concerto C minor,
Fugue from Concerto and Fugue,Bach,BWV909,1703,,harpsichord,,,PreludeAndFugue,Concerto and Fugue,Fugue,,Germany,C minor,,Bach,Concerto and Fugue BWV909 Fugue C minor,
Allegro from Concerto in G,Bach,BWV592,1714,,Organ,,,Concerto,,FirstMovement,,Germany,G major,,Bach,Concerto BWV592 i G major,Transcribed Concerto
Grave from Concerto in G,Bach,BWV592,1714,,organ,,,Concerto,,SlowMovement,,Germany,E minor,,Bach,Concerto BWV592 ii E minor,
Presto from Concerto in G,Bach,BWV592,1714,,Organ,,,Concerto,,LastMovement,,Germany,G major,,Bach,Concerto BWV592 iii G major,
Da der Herr Christ zu Tische sass,Bach,BWV285,,1700-1750,SATB,,,Chorale,,,,Germany,C minor,,Bach,Da der Herr Christ zu Tische sass BWV 285 C minor,
Dank sei Gott in der Hohe,Bach,BWV287,,1700-1750,SATB,,,Chorale,,,,Germany,F major,,Bach,Dank sei Gott in der Hohe BWV 287 F major,
"Danket dem Herren, denn er ist sehr freundlich",Bach,BWV286,,1700-1750,SATB,,,Chorale,,,,Germany,A minor,,Bach,Danket dem Herren denn er ist sehr freundlich BWV 286 A minor,
Das alte Jahr vergangen ist,Bach,BWV288,,1700-1750,SATB,,,Chorale,,,,Germany,D minor,E minor,Bach,Das alte Jahr vergangen ist BWV 288 D minor,
Das alte Jahr vergangen ist,Bach,BWV289,,1700-1750,SATB,,,Chorale,,,,Germany,B minor,,Bach,Das alte Jahr vergangen ist BWV 289 B minor,
Das neugeborne Kindelein,Bach,BWV122,1724,,SATB,,,Chorale,,,,Germany,G minor,,Bach,Das neugeborne Kindelein BWV 122 G minor,last movement from cantata BWV 122
Das walt Gott Vater und Gott Sohn,Bach,BWV290,,1700-1750,SATB,,,Chorale,,,,Germany,F major,,Bach,Das walt Gott Vater und Gott Sohn BWV 290 F major,
Das walt mein Gott,Bach,BWV291,,1700-1750,SATB,,,Chorale,,,,Germany,D minor,,Bach,Das walt mein Gott BWV 291 D minor,
Dazu ist erschienen der Sohn Gottes; Hollische Schlange,Bach,BWV40,1723,,Bass,Orchestra,,Cantata,,CantataAria,,Germany,D minor,,Bach,Dazu ist erschienen der Sohn Gottes BWV 40 Hollische Schlange D minor,
Den Veter dort oben,Bach,BWV292,,1700-1750,SATB,,,Chorale,,,,Germany,C major,,Bach,Den Veter dort oben BWV 292 C major,
Der du bist drei in Einigkeit,Bach,BWV293,,1700-1750,SATB,,,Chorale,,,,Germany,G major,,Bach,Der du bist drei in Einigkeit BWV 293 G major,
Der Herr ist mein getreuer Hirt,Bach,BWV112,1731,,SATB,,,Chorale,,,,Germany,G major,,Bach,Der Herr ist mein getreuer Hirt BWV 112 G major,fifth movement from cantata BWV 112
"Der Tag, der ist so freudenreich",Bach,BWV294,,1700-1750,SATB,,,Chorale,,,,Germany,G major,,Bach,Der Tag der ist so freudenreich BWV 294 G major,
Des heiligen Geistes reiche Gnad,Bach,BWV295,,1700-1750,SATB,,,Chorale,,,,Germany,D minor,,Bach,Des heiligen Geistes reiche Gnad BWV 295 D minor,
Die Nacht ist kommen,Bach,BWV296,,1700-1750,SATB,,,Chorale,,,,Germany,G major,,Bach,Die Nacht ist kommen BWV 296 G major,
Die Sonn hat sich mit ihrem Glanz,Bach,BWV297,,1700-1750,SATB,,,Chorale,,,,Germany,D minor,,Bach,Die Sonn hat sich mit ihrem Glanz BWV 297 D minor,
Dies sind die heiligen zehn Gebot,Bach,BWV298,,1700-1750,SATB,,,Chorale,,,,Germany,C major,,Bach,Dies sind die heiligen zehn Gebot BWV 298 C major,
"Dir, dir, Jehova will ich singen",Bach,BWV299,,1700-1750,SATB,,,Chorale,,,,Germany,Bb major,,Bach,Dir dir Jehova will ich singen BWV 299 Bb major,
"Du Friedefurst, Herr Jesu Christ",Bach,BWV67,1724,,SATB,,,Chorale,,,,Germany,A major,,Bach,Du Friedefurst Herr Jesu Christ BWV 67 A major,last movement from cantata BWV 67
Du grosser Schmerzensmann,Bach,BWV300,,1700-1750,SATB,,,Chorale,,,,Germany,E minor,,Bach,Du grosser Schmerzensmann BWV 300 E minor,
"Du lebensfurst, Herr Jesu Christ",Bach,BWV43,1726,,SATB,,,Chorale,,,,Germany,G major,,Bach,Du lebensfurst Herr Jesu Christ BWV 43 G major,eleventh movement from cantata BWV 43
"Du, o schones Weltgebaude",Bach,BWV301,,1700-1750,SATB,,,Chorale,,,,Germany,D minor,,Bach,Du o schones Weltgebaude BWV 301 D minor,
"Du, o schones Weltgebaude",Bach,BWV56,1726,,SATB,,,Chorale,,,,Germany,C minor,,Bach,Du o schones Weltgebaude BWV 56 C minor,fifth movement from cantata BWV 56
Du wahrer Gott und Davids Sohn; Du wahrer Gott und Davids Sohn,Bach,BWV23,1723,,Soprano,Alto,Oboe,Cantata,,OperaDuet,,Germany,C minor,,Bach,Du wahrer Gott und Davids Sohn BWV 23 Du wahrer Gott und Davids Sohn C minor,also a second oboe and continuo in orchestration
Duetto no 1 from Clavier Ubung III,Bach,BWV802,1739,,KeyboardUnspecified,,,Duet,,,,Germany,E minor,,Bach,Duetto no 1 from Clavier Ubung III BWV802 E minor,
Duetto no 2 from Clavier Ubung III,Bach,BWV803,1739,,KeyboardUnspecified,,,Duet,,,,Germany,F major,,Bach,Duetto no 2 from Clavier Ubung III BWV803 F major,
Duetto no 3 from Clavier Ubung III,Bach,BWV804,1739,,KeyboardUnspecified,,,Duet,,,,Germany,G major,,Bach,Duetto no 3 from Clavier Ubung III BWV804 G major,
Duetto no 4 from Clavier Ubung III,Bach,BWV805,1739,,KeyboardUnspecified,,,Duet,,,,Germany,A minor,,Bach,Duetto no 4 from Clavier Ubung III BWV805 A minor,
Durch Adams Fall ist ganz verderbt,Bach,BWV18,,1713-1724,SATB,,,Chorale,,,,Germany,A minor,,Bach,Durch Adams Fall ist ganz verderbt BWV 18 A minor,fifth movement from cantata BWV 18
Durch Adams Fall ist ganz verderbt,Bach,BWV18,,1713-1724,SATB,,,Chorale,,,,Germany,G minor,,Bach,Durch Adams Fall ist ganz verderbt BWV 18 G minor,fifth movement from cantata BWV 18
Ein faste Burg ist unser Gott,Bach,BWV303,,1700-1750,SATB,,,Chorale,,,,Germany,D major,,Bach,Ein faste Burg ist unser Gott BWV 303 D major,
Ein feste Burg ist unser Gott,Bach,BWV302,,1700-1750,SATB,,,Chorale,,,,Germany,D major,,Bach,Ein feste Burg ist unser Gott BWV 302 D major,
Ein feste Burg ist unser Gott,Bach,BWV80,,1727-1747,SATB,,,Chorale,,,,Germany,D major,,Bach,Ein feste Burg ist unser Gott BWV 80 D major,eighth movement from cantata BWV 80
Ein Lammelein geht und tragt die Schuld,Bach,BWV267,,1700-1750,SATB,,,Chorale,,,,Germany,Ab major,,Bach,Ein Lammelein geht und tragt die Schuld BWV 267 Ab major,
"Eins ist not, ach Herr, dies eine",Bach,BWV304,,1700-1750,SATB,,,Chorale,,,,Germany,D major,,Bach,Eins ist not ach Herr dies eine BWV 304 D major,
Gigue from English Suite No 2,Bach,BWV807,1715,,Harpsichord,,,SoloSuitePartita,,Gigue,,Germany,A minor,,Bach,English Suite 2 Gigue A minor,
Allemande from English Suite 3,Bach,BWV808,1715,,Harpsichord,,,SoloSuitePartita,,Allemande,,Germany,G minor,,Bach,English Suite 3 Allemande G minor,
Courante from English Suite 3,Bach,BWV808,1715,,Harpsichord,,,SoloSuitePartita,,Courante,,Germany,G minor,,Bach,English Suite 3 Courante G minor,
Prelude from English Suite No 3,Bach,BWV808,1715,,Harpsichord,,,SoloSuitePartita,,Prelude,,Germany,G minor,,Bach,English Suite 3 Prelude G minor,
Sarabande from English Suite No 3 (it's barred wrong),Bach,BWV808,1715,,Harpsichord,,,SoloSuitePartita,,Sarabande,,Germany,G minor,,Bach,English Suite 3 Sarabande BARRED WRONG G minor,
Prelude from English Suite No 4,Bach,BWV809,1715,,Harpsichord,,,SoloSuitePartita,,Prelude,,Germany,F major,,Bach,English Suite 4 Prelude F major,
Allemande from English Suite 1,Bach,BWV806,1715,,Harpsichord,,,SoloSuitePartita,,Allemande,,Germany,A major,,Bach,English Suite No 1 Allemande A major,
Bouree II from English Suite no 1,Bach,BWV806,1715,,Harpsichord,,,SoloSuitePartita,,Bouree,,Germany,A major,,Bach,English Suite No 1 Bouree A major,
Bouree II from English Suite,Bach,BWV806,1715,,Harpsichord,,,SoloSuitePartita,,Bouree,,Germany,A minor,,Bach,English Suite No 1 Bouree II A minor,
Courante II from English Suite No 1,Bach,BWV806,1715,,Harpsichord,,,SoloSuitePartita,,Courante,,Germany,A major,,Bach,English Suite No 1 Courante II A major,
Gigue from English Suite No 1,Bach,BWV806,1715,,Harpsichord,,,SoloSuitePartita,,Gigue,,Germany,A major,,Bach,English Suite No 1 Gigue A major,
Prelude from English Suite No 1,Bach,BWV806,1715,,Harpsichord,,,SoloSuitePartita,,Prelude,,Germany,A major,,Bach,English Suite No 1 Prelude A major,
Sarabande from English Suite No 1,Bach,BWV806,1715,,Harpsichord,,,SoloSuitePartita,,Sarabande,,Germany,A major,,Bach,English Suite No 1 Sarabande A major,
Allemande from English Suite 2,Bach,BWV807,1715,,Harpsichord,,,SoloSuitePartita,,Allemande,,Germany,A minor,,Bach,English Suite No 2 Allemande A minor,
Bouree II from English Suite no 2,Bach,BWV807,1715,,Harpsichord,,,SoloSuitePartita,,Bouree,,Germany,A major,,Bach,English Suite No 2 Bouree II A minor,
Courante from English Suite 2,Bach,BWV807,1715,,Harpsichord,,,SoloSuitePartita,,Courante,,Germany,A minor,,Bach,English Suite No 2 courante A minor,
Prelude from English Suite No 2,Bach,BWV807,1715,,Harpsichord,,,SoloSuitePartita,,Prelude,,Germany,A minor,,Bach,English Suite No 2 Prelude A minor,
Sarabande from English Suite No 2,Bach,BWV807,1715,,Harpsichord,,,SoloSuitePartita,,Sarabande,,Germany,A minor,,Bach,English Suite No 2 Sarabande A minor,
Sarabande ornamented from English Suite No 2,Bach,BWV807,1715,,Harpsichord,,,SoloSuitePartita,,Sarabande,,Germany,A minor,,Bach,English Suite No 2 Sarabande ornamented A minor,
Gavotte I from English Suite no 3,Bach,BWV808,1715,,Harpsichord,,,SoloSuitePartita,,Gavotte,,Germany,G minor,,Bach,English Suite No 3 Gavotte I G minor,
Gavotte II from English Suite no 3,Bach,BWV808,1715,,Harpsichord,,,SoloSuitePartita,,Gavotte,,Germany,G major,,Bach,English Suite No 3 Gavotte II G major,
Gigue from English Suite No 3,Bach,BWV808,1715,,Harpsichord,,,SoloSuitePartita,,Gigue,,Germany,G minor,,Bach,English Suite No 3 Gigue G minor,
Courante I from English Suite 1,Bach,BWV806,1715,,Harpsichord,,,SoloSuitePartita,,Courante,,Germany,A major,,Bach,English Suite No.1 Courante 1 A major,
Courante II Double from English Suite No 1,Bach,BWV806,1715,,Harpsichord,,,SoloSuitePartita,,Courante,,Germany,A major,,Bach,English Suite No.1 Courante II Double A major,
"Erbarm dich mein, o Herre Gott",Bach,BWV305,,1700-1750,SATB,,,Chorale,,,,Germany,A minor,,Bach,Erbarm dich mein o Herre Gott BWV 305 A minor,
"Erbarm dich mein, o Herre Gott",Bach,BWV721,1740,,organ,,,Prelude,,ChoralePrelude,,Germany,F# minor,,Bach,Erbarm dich mein o Herre Gott BWV721 F# minor,
"Erhalt uns, Herr, bei deinem Wort",Bach,BWV6,1725,,SATB,,,Chorale,,,,Germany,G minor,,Bach,Erhalt uns Herr bei deinem Wort BWV 6 G minor,last movement from cantata BWV 6
"Ermuntre dich, mein schwacher Geist",Bach,BWV248,,1734-1735,SATB,,,Chorale,,,,Germany,G major,,Bach,Ermuntre dich mein schwacher Geist BWV 248 G major,twelfth movement from cantata BWV 248
Erschienen ist der herrliche Tag,Bach,BWV145,,1700-1750,SATB,,,Chorale,,,,Germany,E minor,,Bach,Erschienen ist der herrliche Tag BWV 145 E minor,last movement from cantata BWV 145
Erstanden ist der heilige Christ,Bach,BWV306,,1700-1750,SATB,,,Chorale,,,,Germany,F major,,Bach,Erstanden ist der heilige Christ BWV 306 F major,
Es ist das Heil uns kommen her,Bach,BWV155,1716,,SATB,,,Chorale,,,,Germany,F major,,Bach,Es ist das Heil uns kommen her BWV 155 F major,fifth movement from cantata BWV 155
Es ist das Heil uns kommen her,Bach,BWV86,,1724,SATB,,,Chorale,,,,Germany,E major,,Bach,Es ist das Heil uns kommen her BWV 86 E major,sixth movement from cantata BWV 86
Es ist genug! so nimm Herr,Bach,BWV60,1723,,SATB,,,Chorale,,,,Germany,A major,,Bach,Es ist genug so nimm Herr BWV 60 A major,fifth movement from cantata BWV 60
Es ist gewisslich an der Zeit,Bach,BWV248,1734,,SATB,,,Chorale,,,,Germany,G major,,Bach,Es ist gewisslich an der Zeit BWV 248 G major,fifty-ninth movement from oratorio BWV 248
Es ist gewisslich an der Zeit,Bach,BWV307,,1700-1750,SATB,,,Chorale,,,,Germany,Bb major,,Bach,Es ist gewisslich an der Zeit BWV 307 Bb major,
Es spricht der Unweisen Mund,Bach,BWV308,,1700-1750,SATB,,,Chorale,,,,Germany,Bb major,,Bach,Es spricht der Unweisen Mund BWV 308 Bb major,
Es stehn vor Gottes Throne,Bach,BWV309,,1700-1750,SATB,,,Chorale,,,,Germany,G minor,,Bach,Es stehn vor Gottes Throne BWV 309 G minor,
Es wind schier der letzte Tag,Bach,BWV310,,1700-1750,SATB,,,Chorale,,,,Germany,E minor,,Bach,Es wind schier der letzte Tag BWV 310 E minor,
Es woll' uns Gott genadig sein,Bach,BWV311,,1700-1750,SATB,,,Chorale,,,,Germany,B minor,,Bach,Es woll uns Gott genadig sein BWV 311 B minor,
Es woll uns Gott genadig sein,Bach,BWV312,,1700-1750,SATB,,,Chorale,,,,Germany,A minor,,Bach,Es woll uns Gott genadig sein BWV 312 A minor,
Es woll uns Gott genadig sein,Bach,BWV69,,1742-1748,SATB,,,Chorale,,,,Germany,D major,,Bach,Es woll uns Gott genadig sein BWV 69 D major,sixth movement from cantata BWV 69
Fantasy from Fantasy and Fugue in C minor,Bach,BWV537,1723,,Organ,,,FantasyandFugue,,Fantasy,,Germany,C minor,,Bach,Fantasy and Fugue bwv537 Fantasy C minor,
Fugue from Prelude and Fugue in C minor,Bach,BWV537,1723,,Organ,,,FantasyandFugue,,Fugue,,Germany,C minor,,Bach,Fantasy and Fugue bwv537 Fugue C minor,
Fantasy from Fantasy and Fugue in G minor,Bach,BWV542,,1720-1725,Organ,,,FantasyandFugue,,Fantasy,,Germany,G minor,,Bach,Fantasy and Fugue BWV542 Fantasy G minor,
Fugue from Fantasy and Fugue in G minor,Bach,BWV542,,1720-1725,Organ,,,FantasyandFugue,,Fugue,,Germany,G minor,,Bach,Fantasy and Fugue BWV542 Fugue G minor,
Fantasy from Fantasy and Fugue in A minor,Bach,BWV561,,1710-1740,Organ,,,FantasyandFugue,,Fantasy,,Germany,A minor,,Bach,Fantasy and Fugue BWV561 Fantasy A minor,
Fantasy from Fantasy and Fugue in C minor,Bach,BWV562,,1730-1745,Organ,,,FantasyandFugue,,Fantasy,,Germany,C minor,,Bach,Fantasy and Fugue BWV562 Fantasy C minor,
Fugue from Fantasy and Fugue in C minor,Bach,BWV562,,1730-1745,Organ,,,FantasyandFugue,,Fugue,,Germany,C minor,,Bach,Fantasy and Fugue BWV562 Fugue C minor,Fugue incomplete
Fantasy from Fantasy and Fugue in A minor,Bach,BWV904,1725,,harpsichord,,,FantasyAndFugue,,Fantasy,,Germany,A minor,,Bach,Fantasy and Fugue BWV904 Fantasy A minor,
Fugue from Fantasy and Fugue in A minor,Bach,BWV904,1725,,harpsichord,,,FantasyAndFugue,,Fugue,,Germany,A minor,,Bach,Fantasy and Fugue BWV904 Fugue A minor,
Fantasy from Fantasy and Fugue D minor,Bach,BWV905,,1715-1725,harpsichord,,,FantasyAndFugue,,Fantasy,,Germany,D minor,,Bach,Fantasy and Fugue BWV905 Fantasy D minor,
Fugue from Fantasy and Fugue D minor,Bach,BWV905,,1715-1725,harpsichord,,,FantasyAndFugue,,Fugue,,Germany,D minor,,Bach,Fantasy and Fugue BWV905 Fugue D minor,
Fantasy from Fantasy and Fugue C minor,Bach,BWV906,1704,,harpsichord,,,FantasyAndFugue,,Fantasy,,Germany,C minor,,Bach,Fantasy and Fugue BWV906 Fantasy C minor,
Fugue from Fantasy and Fugue C minor,Bach,BWV906,1704,,harpsichord,,,FantasyAndFugue,,Fugue,,Germany,C minor,,Bach,Fantasy and Fugue BWV906 Fugue C minor,
Fantasy in G minor,Bach,BWV917,1710,,harpsichord,,,Fantasy,,,,Germany,G minor,,Bach,Fantasy BWV917 G minor,
Fantasy in C minor,Bach,BWV919,,1715-1725,harpsichord,,,Fantasy,,,,Germany,C minor,,Bach,Fantasy BWV919 C minor,not by Bach
Bourree from Overture in the French Style,Bach,BWV831,1735,,harpsichord,,,SoloSuitePartita,,Bouree,,Germany,B minor,,Bach,French Overture BWV831 Bourree B minor,
Courante from Overture in the French Style,Bach,BWV831,1735,,harpsichord,,,SoloSuitePartita,,Courante,,Germany,B minor,,Bach,French Overture BWV831 Courante B minor,
Echo from Overture in the French Style,Bach,BWV831,1735,,harpsichord,,,SoloSuitePartita,,OtherSpecified,Echo,Germany,B minor,,Bach,French Overture BWV831 Echo B minor,
Gavotte from Overture in the French Style,Bach,BWV831,1735,,harpsichord,,,SoloSuitePartita,,Gavotte,,Germany,B minor,,Bach,French Overture BWV831 Gavotte B minor,
Gigue from Overture in the French Style,Bach,BWV831,1735,,harpsichord,,,SoloSuitePartita,,Gigue,,Germany,B minor,,Bach,French Overture BWV831 Gigue B minor,
Overture from Overture in the French Style,Bach,BWV831,1735,,harpsichord,,,SoloSuitePartita,,Overture,,Germany,B minor,,Bach,French Overture BWV831 Overture B minor,
Passapied from Overture in the French Style,Bach,BWV831,1735,,harpsichord,,,SoloSuitePartita,,Passapied,,Germany,B minor,,Bach,French Overture BWV831 Passapied B minor,
Sarabande from Overture in the French Style,Bach,BWV831,1735,,harpsichord,,,SoloSuitePartita,,Sarabande,,Germany,B minor,,Bach,French Overture BWV831 Sarabande B minor,
Allemande from French Suite No 1,Bach,BWV812,,1722-1725,Harpsichord,,,SoloSuitePartita,,Allemande,,Germany,D minor,,Bach,French Suite No 1 Allemande D minor,
Courante from French Suite no 1,Bach,BWV812,,1722-1725,Harpsichord,,,SoloSuitePartita,,Courante,,Germany,D minor,,Bach,French Suite No 1 Courante D minor,
Gigue from French Suite no 1,Bach,BWV812,,1722-1725,Harpsichord,,,SoloSuitePartita,,Gigue,,Germany,D minor,,Bach,French Suite No 1 Gigue D minor,
Minuet I from French Suite no 1,Bach,BWV812,,1722-1725,Harpsichord,,,SoloSuitePartita,,Minuet,,Germany,D minor,,Bach,French Suite No 1 Minuet 1 D minor,
Minuet II from French Suite no 1,Bach,BWV812,,1722-1725,Harpsichord,,,SoloSuitePartita,,Minuet,,Germany,D minor,,Bach,French Suite No 1 Minuet 2 D minor,
Sarabande from French Suite No 1,Bach,BWV812,,1722-1725,Harpsichord,,,SoloSuitePartita,,Sarabande,,Germany,D minor,,Bach,French Suite No 1 Sarabande D minor,
Air from French Suite No 2,Bach,BWV813,,1722-1725,Harpsichord,,,SoloSuitePartita,,Aria,,Germany,C minor,,Bach,French Suite No 2 Air C minor,
Allemande from French Suite No 1,Bach,BWV813,,1722-1725,Harpsichord,,,SoloSuitePartita,,Allemande,,Germany,C minor,,Bach,French Suite No 2 Allemande C minor,
Courante from French Suite no 2,Bach,BWV813,,1722-1725,Harpsichord,,,SoloSuitePartita,,Courante,,Germany,C minor,,Bach,French Suite No 2 Courante C minor,
Gigue from French Suite no 2,Bach,BWV813,,1722-1725,Harpsichord,,,SoloSuitePartita,,Gigue,,Germany,C minor,,Bach,French Suite No 2 Gigue C minor,
Minuet I from French Suite no 2,Bach,BWV813,,1722-1725,Harpsichord,,,SoloSuitePartita,,Minuet,,Germany,C minor,,Bach,French Suite No 2 Minuet 1 C minor,
Minuet II from French Suite no 2,Bach,BWV813,,1722-1725,Harpsichord,,,SoloSuitePartita,,Minuet,,Germany,C minor,,Bach,French Suite No 2 Minuet 2 C minor,
Minuet da Capo from French Suite No 2,Bach,BWV813,,1722-1725,Harpsichord,,,SoloSuitePartita,,Minuet,,Germany,C minor,,Bach,French Suite No 2 Minuet da Capo C minor,
Sarabande from French Suite No 2,Bach,BWV813,,1722-1725,Harpsichord,,,SoloSuitePartita,,Sarabande,,Germany,C minor,,Bach,French Suite No 2 Sarabande C minor,
Allemande from French Suite No 3,Bach,BWV814,,1722-1725,Harpsichord,,,SoloSuitePartita,,Allemande,,Germany,B minor,,Bach,French Suite No 3 Allemande B minor,
Anglaise from French Suite No 3,Bach,BWV814,,1722-1725,Harpsichord,,,SoloSuitePartita,,OtherSpecified,Anglaise,Germany,B minor,,Bach,French Suite No 3 Anglaise B minor,
Courante from French Suite no 3,Bach,BWV814,,1722-1725,Harpsichord,,,SoloSuitePartita,,Courante,,Germany,B minor,,Bach,French Suite No 3 Courante B minor,
Gigue from French Suite no 3,Bach,BWV814,,1722-1725,Harpsichord,,,SoloSuitePartita,,Gigue,,Germany,B minor,,Bach,French Suite No 3 Gigue B minor,
Minuet and Trio from French Suite no 3,Bach,BWV814,,1722-1725,Harpsichord,,,SoloSuitePartita,,Minuet,,Germany,B minor,,Bach,French Suite No 3 Minuet B minor,
Sarabande from French Suite No 3,Bach,BWV814,,1722-1725,Harpsichord,,,SoloSuitePartita,,Sarabande,,Germany,B minor,,Bach,French Suite No 3 Sarabande B minor,
Air from French Suite No 4,Bach,BWV815,,1722-1725,Harpsichord,,,SoloSuitePartita,,Aria,,Germany,Eb major,,Bach,French Suite no 4 Air Eb major,
Allemande from French Suite No 4,Bach,BWV815,,1722-1725,Harpsichord,,,SoloSuitePartita,,Allemande,,Germany,Eb major,,Bach,French Suite no 4 Allemande Eb major,
Courante from French Suite no 4,Bach,BWV815,,1722-1725,Harpsichord,,,SoloSuitePartita,,Courante,,Germany,Eb major,,Bach,French Suite No 4 Courante Eb major,
Gavotte from French Suite no 4,Bach,BWV815,,1722-1725,Harpsichord,,,SoloSuitePartita,,Gavotte,,Germany,Eb major,,Bach,French Suite No 4 Gavotte Eb major,
Gavotte II from French Suite no 4,Bach,BWV815,,1722-1725,Harpsichord,,,SoloSuitePartita,,Gavotte,,Germany,Eb major,,Bach,French Suite No 4 Gavotte II Eb major,
Sarabande from French Suite No 4,Bach,BWV815,,1722-1725,Harpsichord,,,SoloSuitePartita,,Sarabande,,Germany,Eb major,,Bach,French Suite No 4 Sarabande Eb major,
Allemande from French Suite No 5,Bach,BWV816,,1722-1725,Harpsichord,,,SoloSuitePartita,,Allemande,,Germany,G major,,Bach,French Suite No 5 Allemande G major,
Bouree from French Suite no 5,Bach,BWV816,,1722-1725,Harpsichord,,,SoloSuitePartita,,Bouree,,Germany,G major,,Bach,French Suite No 5 Bourree G major,
Courante from French Suite no 5,Bach,BWV816,,1722-1725,Harpsichord,,,SoloSuitePartita,,Courante,,Germany,G major,,Bach,French Suite No 5 Courante G major,
Gavotte from French Suite no 5,Bach,BWV816,,1722-1725,Harpsichord,,,SoloSuitePartita,,Gavotte,,Germany,G major,,Bach,French Suite No 5 Gavotte G major,
Gigue from French Suite no 5,Bach,BWV816,,1722-1725,Harpsichord,,,SoloSuitePartita,,Gigue,,Germany,G major,,Bach,French Suite No 5 Gigue G major,
Loure from French Suite no 5,Bach,BWV816,,1722-1725,Harpsichord,,,SoloSuitePartita,,OtherSpecified,Loure,Germany,G major,,Bach,French Suite No 5 Loure G major,
Allemande from French Suite No 6,Bach,BWV817,,1722-1725,Harpsichord,,,SoloSuitePartita,,Allemande,,Germany,E major,,Bach,French Suite No 6 Allemande E major,
Bouree from French Suite no 6,Bach,BWV817,,1722-1725,Harpsichord,,,SoloSuitePartita,,Bouree,,Germany,E major,,Bach,French Suite No 6 Bourree E major,
Courante from French Suite no 6,Bach,BWV817,,1722-1725,Harpsichord,,,SoloSuitePartita,,Courante,,Germany,E major,,Bach,French Suite No 6 Courante E major,
Gavotte from French Suite no 6,Bach,BWV817,,1722-1725,Harpsichord,,,SoloSuitePartita,,Gavotte,,Germany,E major,,Bach,French Suite No 6 Gavotte E major,
Gigue from French Suite no 6,Bach,BWV817,,1722-1725,Harpsichord,,,SoloSuitePartita,,Gigue,,Germany,E major,,Bach,French Suite No 6 Gigue E major,
Minuet from French Suite no 6,Bach,BWV817,,1722-1725,Harpsichord,,,SoloSuitePartita,,Minuet,,Germany,E major,,Bach,French Suite No 6 Minuet E major,
Polonaise from French Suite no 6,Bach,BWV817,,1722-1725,Harpsichord,,,SoloSuitePartita,,Polonaise,,Germany,E major,,Bach,French Suite No 6 Polonaise E major,
Sarabande from French Suite No 6,Bach,BWV817,,1722-1725,Harpsichord,,,SoloSuitePartita,,Sarabande,,Germany,E major,,Bach,French Suite no 6 Sarabande G major,
"Freu dich sehr, o meine Seele",Bach,BWV194,,1700-1750,SATB,,,Chorale,,,,Germany,G major,,Bach,Freu dich sehr o meine Seele BWV 194 G major,sixth movement from cantata BWV 194
"Freu dich sehr, o meine Seele",Bach,BWV25,1723,,SATB,,,Chorale,,,,Germany,C major,,Bach,Freu dich sehr o meine Seele BWV 25 C major,sixth movement from cantata BWV 25
"Freu dich sehr, o meine Seele",Bach,BWV30,,1737-1738,SATB,,,Chorale,,,,Germany,G major,,Bach,Freu dich sehr o meine Seele BWV 30 G major,sixth movement from cantata BWV 30
"Freu dich sehr, o meine Seele",Bach,BWV32,1726,,SATB,,,Chorale,,,,Germany,G major,,Bach,Freu dich sehr o meine Seele BWV 32 G major,last movement from cantata BWV 32
"Freu dich sehr, o meine Seele",Bach,BWV39,1726,,SATB,,,Chorale,,,,Germany,G major,,Bach,Freu dich sehr o meine Seele BWV 39 G major,last movement from cantata BWV 39
"Freuet euch, ihr Christen alle",Bach,BWV40,1723,,SATB,,,Chorale,,,,Germany,F minor,,Bach,Freuet euch ihr Christen alle BWV 40 F minor,eighth movement from cantata BWV 40
Fughetta in C minor,Bach,BWV961,1712,,harpsichord,,,Fugue,,,,Germany,C minor,,Bach,Fughetta BWV961 C minor,
Fugue in G major,Bach,BWV577,1707,,Organ,,,Fugue,,,,Germany,G major,,Bach,Fugue BWV 577 G major,
Little Fugue in G minor,Bach,BWV578,1708,,Organ,,,Fugue,,,,Germany,G minor,,Bach,Fugue BWV 578 G minor,
Fugue in A minor,Bach,BWV947,,1715-1725,harpsichord,,,Fugue,,,,Germany,A minor,,Bach,Fugue BWV947 A minor,
Fugue in D minor,Bach,BWV948,1727,,harpsichord,,,Fugue,,,,Germany,D minor,,Bach,Fugue BWV948 D minor,
Fugue on a theme by Albinoni B minor,Bach,BWV951,1712,,harpsichord,,,Fugue,,,,Germany,B minor,,Bach,Fugue BWV951 B minor,
Fugue a 3 in C major,Bach,BWV952,,1710-1725,harpsichord,,,Fugue,,,,Germany,C major,,Bach,Fugue BWV952 C major,
Fugue in C major,Bach,BWV953,1723,,harpsichord,,,Fugue,,,,Germany,C major,,Bach,Fugue BWV953 C major,
Fugue in A minor,Bach,BWV958,,1710-1725,harpsichord,,,Fugue,,,,Germany,A minor,,Bach,Fugue BWV958 A minor,
Fugue in A minor,Bach,BWV959,,1710-1725,harpsichord,,,Fugue,,,,Germany,A minor,,Bach,Fugue BWV959 A minor,
Fugue on a Theme by Corelli ,Bach,BWV579,1710,,Organ,,,Fugue,,,,Germany,B minor,,Bach,Fugue on a Theme by Corelli bwv579 B minor,
Fur deinen Thron tret ich hiermit,Bach,BWV327,,1700-1750,SATB,,,Chorale,,,,Germany,D major,,Bach,Fur deinen Thron tret ich hiermit BWV 327 D major,
Fur Freuden lasst uns springen,Bach,BWV313,,1700-1750,SATB,,,Chorale,,,,Germany,G minor,,Bach,Fur Freuden lasst uns springen BWV 313 G minor,
"Gelobet seist du, Jesu Christ",Bach,BWV314,,1700-1750,SATB,,,Chorale,,,,Germany,D major,,Bach,Gelobet seist du Jesu Christ BWV 314 D major,
"Gelobet seist du, Jesu Christ",Bach,BWV64,1723,,SATB,,,Chorale,,,,Germany,G major,,Bach,Gelobet seist du Jesu Christ BWV 64 G major,second movement from cantata BWV 64
"Gelobet seist du, Jesu Christ",Bach,BWV91,1724,,SATB,,,Chorale,,,,Germany,G major,,Bach,Gelobet seist du Jesu Christ BWV 91 G major,last movement from cantata BWV 91
Gib dich zufrieden und sei stille,Bach,BWV315,,1700-1750,SATB,,,Chorale,,,,Germany,E minor,,Bach,Gib dich zufrieden und sei stille BWV 315 E minor,
"Gott, der du selber bist das Licht",Bach,BWV316,,1700-1750,SATB,,,Chorale,,,,Germany,G minor,,Bach,Gott der du selber bist das Licht BWV 316 G minor,
Gott der Vater wohn uns bei,Bach,BWV317,,1700-1750,SATB,,,Chorale,,,,Germany,D major,,Bach,Gott der Vater wohn uns bei BWV 317 D major,
Gott des Himmels und der Erden,Bach,BWV248,,1734-1735,SATB,,,Chorale,,,,Germany,A major,,Bach,Gott des Himmels und der Erden BWV 248 A major,fifty-third movement from cantata BWV 248
Gott hat das Evangelium,Bach,BWV319,,1700-1750,SATB,,,Chorale,,,,Germany,E minor,,Bach,Gott hat das Evangelium BWV 319 E minor,
Gott lebet noch,Bach,BWV320,,1700-1750,SATB,,,Chorale,,,,Germany,F major,,Bach,Gott lebet noch BWV 320 F major,
Gott sei gelobet und gebenedeiet,Bach,BWV322,,1700-1750,SATB,,,Chorale,,,,Germany,G major,,Bach,Gott sei gelobet und gebenedeiet BWV 322 G major,
Gott sei uns gnadig und barmherzig,Bach,BWV323,,1700-1750,SATB,,,Chorale,,,,Germany,F# minor,,Bach,Gott sei uns gnadig und barmherzig BWV 323 F# minor,
Gottes Sohn ist kommen,Bach,BWV318,,1700-1750,SATB,,,Chorale,,,,Germany,G major,,Bach,Gottes Sohn ist kommen BWV 318 G major,
Gottes Sohn ist kommen,Bach,BWV703,,1739-1742,organ,,,Prelude,,ChoralePrelude,,Germany,F major,,Bach,Gottes Sohn ist kommen BWV703 F major,
"Gottlob, es geht nunmehr zu Ende",Bach,BWV321,,1700-1750,SATB,,,Chorale,,,,Germany,Bb major,,Bach,Gottlob es geht nunmehr zu Ende BWV 321,
"Gottlob! nun geht das Jahr zu Ende; Nun lob, mein Seel, den Herren",Bach,BWV28,1725,,SATB,Harpsichord,,Cantata,,CantataChorale,,Germany,C major,,Bach,Gottlob nun geht das Jahr zu Ende BWV 28 Nun lob mein Seel den Herren C major,
"Hast du denn, Jesu, dein Angesicht",Bach,BWV57,1726,,SATB,,,Chorale,,,,Germany,Bb major,,Bach,Hast du denn Jesu dein Angesicht BWV 57 Bb major,eighth movement from cantata BWV 57
"Heilig, heilig",Bach,BWV325,,1700-1750,SATB,,,Chorale,,,,Germany,F major,,Bach,Heilig heilig BWV 325 F major,
Helft mir Gotts Gute preisen,Bach,BWV16,1725,,SATB,,,Chorale,,,,Germany,A minor,,Bach,Helft mir Gotts Gute preisen BWV 16 A minor,sixth movement from cantata BWV 16
Helft mir Gotts Gute preisen,Bach,BWV183,1725,,SATB,,,Chorale,,,,Germany,A minor,,Bach,Helft mir Gotts Gute preisen BWV 183 A minor,fifth movement from cantata BWV 183
Helft mir Gotts Gute preisen,Bach,BWV28,1725,,SATB,,,Chorale,,,,Germany,A minor,,Bach,Helft mir Gotts Gute preisen BWV 28 A minor,sixth movement from cantata BWV 28
"Herr Christ, der einige Gottes Sohn",Bach,BWV164,1725,,SATB,,,Chorale,,,,Germany,Bb major,,Bach,Herr Christ der einige Gottes Sohn BWV 164 Bb major,sixth movement from cantata BWV 164
"Herr Christ, der einige Gotts Sohn",Bach,BWV96,1724,,SATB,,,Chorale,,,,Germany,F major,,Bach,Herr Christ der einige Gotts Sohn BWV 96 F major,sixth movement from cantata BWV 96
"Herr Gott, dich loben alle wir",Bach,BWV326,,1700-1750,SATB,,,Chorale,,,,Germany,Bb major,,Bach,Herr Gott dich loben alle wir BWV 326 Bb major,
"Herr Gott, dich loben wir",Bach,BWV328,,1700-1750,SATB,,,Chorale,,,,Germany,A minor,,Bach,Herr Gott dich loben wir BWV 328 A minor,
"Herr, ich dank an jene Zeit",Bach,BWV329,,1700-1750,SATB,,,Chorale,,,,Germany,Eb major,,Bach,Herr ich dank an jene Zeit BWV 329 Eb major,
"Herr, ich habe missgehandelt",Bach,BWV330,,1700-1750,SATB,,,Chorale,,,,Germany,A minor,,Bach,Herr ich habe missgehandelt BWV 330 A minor,
"Herr, ich habe missgehandelt",Bach,BWV331,,1700-1750,SATB,,,Chorale,,,,Germany,A minor,,Bach,Herr ich habe missgehandelt BWV 331 A minor,
"Herr Jesu Christ, dich zu uns wend",Bach,BWV332,,1700-1750,SATB,,,Chorale,,,,Germany,G major,,Bach,Herr Jesu Christ dich zu uns wend BWV 332 G major,
"Herr Jesu Christ, du hast bereitet",Bach,BWV333,,1700-1750,SATB,,,Chorale,,,,Germany,G minor,,Bach,Herr Jesu Christ du hast bereitet BWV 333 G minor,
"Herr Jesu Christ, du hochstes Gut",Bach,BWV113,1724,,SATB,,,Chorale,,,,Germany,B minor,,Bach,Herr Jesu Christ du hochstes Gut BWV 113 B minor,eighth movement from cantata BWV 113
"Herr Jesu Christ, du hochstes Gut",Bach,BWV168,1725,,SATB,,,Chorale,,,,Germany,B minor,,Bach,Herr Jesu Christ du hochstes Gut BWV 168 B minor,sixth movement from cantata BWV 168
"Herr Jesu Christ, du hochstes Gut",Bach,BWV48,1723,,SATB,,,Chorale,,,,Germany,G minor,,Bach,Herr Jesu Christ du hochstes Gut BWV 48 G minor,seventh movement from cantata BWV 48
"Herr Jesu Christ, ich schrei zu dir",Bach,BWV334,,1700-1750,SATB,,,Chorale,,,,Germany,G minor,,Bach,Herr Jesu Christ ich schrei zu dir BWV 334 G minor,
"Herr Jesu Christ, mein's Lebens Licht",Bach,BWV335,,1700-1750,SATB,,,Chorale,,,,Germany,E minor,B minor,Bach,Herr Jesu Christ meins Lebens Licht BWV 335 E minor,
"Herr Jesu Christ, wahr Mensch und Gott",Bach,BWV127,1725,,SATB,,,Chorale,,,,Germany,F major,C major,Bach,Herr Jesu Christ wahr Mensch und Gott BWV 127 F major,fifth movement from cantata BWV 127
"Herr Jesu Christ, wahr Mensch und Gott",Bach,BWV336,,1700-1750,SATB,,,Chorale,,,,Germany,A major,,Bach,Herr Jesu Christ wahr Mensch und Gott BWV 336 A major,
"Herr, straf mich nicht in deinem Zorn",Bach,BWV338,,1700-1750,SATB,,,Chorale,,,,Germany,A minor,,Bach,Herr straf mich nicht in deinem Zorn BWV 338 A minor,
"Herr wie du willst, so schicks mit mir",Bach,BWV339,,1700-1750,SATB,,,Chorale,,,,Germany,A major,,Bach,Herr wie du willst so schicks mit mir BWV 339 A major,
"Herr, wie du willt, so schicks mit mir",Bach,BWV156,1729,,SATB,,,Chorale,,,,Germany,C major,,Bach,Herr wie du willt so schicks mit mir BWV 156 C major,sixth movement from cantata BWV 156
"Herr, wie du willt, so schickês mit mir; Herr, so du willt",Bach,BWV73,1724,,Bass,Orchestra,,Cantata,,CantataAria,,Germany,B minor,,Bach,Herr wie du willt so schicks mit mir BWV 73 Herr so du willt B minor,
"Herr, nun lass Freide",Bach,BWV337,,1700-1750,SATB,,,Chorale,,,,Germany,A minor,,Bach,"Herr, nun lass Freide BWV 337 A minor",
Herzlich lieb hab ich dich,Bach,BWV174,,1700-1750,SATB,,,Chorale,,,,Germany,D major,,Bach,Herzlich lieb hab ich dich BWV 174 D major,fifth movement from cantata BWV 174
"Herzlich lieb hab ich dich, o Herr",Bach,BWV245,,1724-1749,SATB,,,Chorale,,,,Germany,Eb major,,Bach,Herzlich lieb hab ich dich o Herr BWV 245 Eb major,fortieth movement from passion BWV 245
"Herzlich lieb hab ich dich, o Herr",Bach,BWV340,,1700-1750,SATB,,,Chorale,,,,Germany,C major,,Bach,Herzlich lieb hab ich dich o Herr BWV 340 C major,
Herzlich tut mich verlangen,Bach,BWV153,,1700-1750,SATB,,,Chorale,,,,Germany,A minor,,Bach,Herzlich tut mich verlangen BWV 153 A minor,fifth movement from cantata BWV 153
"Herzliebester Jesu, was hast du verbrochen",Bach,BWV244,,1736-1742,SATB,,,Chorale,,,,Germany,B minor,,Bach,Herzliebester Jesu was hast du verbrochen BWV 244 46 B minor,forty-sixth movement from passion BWV 244
"Herzliebester Jesu, was hast du verbrochen",Bach,BWV244,,1727-1746,SATB,,,Chorale,,,,Germany,B minor,,Bach,Herzliebester Jesu was hast du verbrochen BWV 244 B minor,"third movement from passion BWV 244, year spread due to revisions"
"Herzliebester Jesu, was hast du verbrochen",Bach,BWV245,,1724-1749,SATB,,,Chorale,,,,Germany,A minor,,Bach,Herzliebester Jesu was hast du verbrochen BWV 245 A minor,seventeenth movement from passion BWV 245
"Herzliebster Jesu, was hast du verbrochen",Bach,BWV245,1724,,SATB,,,Chorale,,,,Germany,G minor,,Bach,Herzliebster Jesu was hast du verbrochen BWV 245 G minor,from cantata BWV 245
"Heut ist, o Mensch, ein grosser Trauertag",Bach,BWV341,,1700-1750,SATB,,,Chorale,,,,Germany,G minor,,Bach,Heut ist o Mensch ein grosser Trauertag BWV 341 G minor,
Heut triumphieret Gottes Sohn,Bach,BWV342,,1700-1750,SATB,,,Chorale,,,,Germany,A minor,,Bach,Heut triumphieret Gottes Sohn BWV 342 A minor,
"Hilf, Gott, lass mir's gelingen",Bach,BWV343,,1700-1750,SATB,,,Chorale,,,,Germany,G minor,,Bach,Hilf Gott lass mirs gelingen BWV 343 G minor,
"Hilf, Herr Jesu, lass gelingen",Bach,BWV248,1734,,SATB,,,Chorale,,,,Germany,F major,,Bach,Hilf Herr Jesu lass gelingen BWV 248 F major,forty-second movement from oratorio BWV 248
"Hilf, Herr Jesu, lass gelingen",Bach,BWV344,,1700-1750,SATB,,,Chorale,,,,Germany,G minor,,Bach,Hilf Herr Jesu lass gelingen BWV 344 G minor,
"Ich bin ja, Herr, in deiner Macht",Bach,BWV345,,1700-1750,SATB,,,Chorale,,,,Germany,G minor,,Bach,Ich bin ja Herr in deiner Macht BWV 345 G minor,
"Ich dank dir, Gott, fur all Wohlat",Bach,BWV346,,1700-1750,SATB,,,Chorale,,,,Germany,C major,,Bach,Ich dank dir Gott fur all Wohlat BWV 346 C major,
"Ich dank dir, lieber Herre",Bach,BWV347,,1700-1750,SATB,,,Chorale,,,,Germany,A major,,Bach,Ich dank dir lieber Herre BWV 347 A major,
"Ich dank dir, lieber Herre",Bach,BWV348,,1700-1750,SATB,,,Chorale,,,,Germany,Bb major,,Bach,Ich dank dir lieber Herre BWV 348 Bb major,
"Ich dank dir, lieber Herre",Bach,BWV37,1724,,SATB,,,Chorale,,,,Germany,A major,,Bach,Ich dank dir lieber Herre BWV 37 A major,sixth movement from cantata BWV 37
Ich dank dir schon durch deinen Sohn,Bach,BWV349,,1700-1750,SATB,,,Chorale,,,,Germany,F major,,Bach,Ich dank dir schon durch deinen Sohn BWV 349 F major,
"Ich danke dir, o Gott, in deinem Throne",Bach,BWV350,,1700-1750,SATB,,,Chorale,,,,Germany,G minor,,Bach,Ich danke dir o Gott in deinem Throne BWV 350 G minor,
Ich freue mich in dir,Bach,BWV133,,1700-1750,SATB,,,Chorale,,,,Germany,D major,,Bach,Ich freue mich in dir BWV 133 D major,sixth movement from cantata BWV 133
Ich hab in Gottes Herz und Sinn,Bach,BWV103,1725,,SATB,,,Chorale,,,,Germany,B minor,,Bach,Ich hab in Gottes Herz und Sinn BWV 103 B minor,sixth movement from cantata BWV 103
Ich hab mein Sach Gott heimgestellt,Bach,BWV351,,1700-1750,SATB,,,Chorale,,,,Germany,G minor,,Bach,Ich hab mein Sach Gott heimgestellt BWV 351 G minor,
"Ich ruf zu dir, Herr Jesu Christ",Bach,BWV177,1732,,SATB,,,Chorale,,,,Germany,E minor,,Bach,Ich ruf zu dir Herr Jesu Christ BWV 177 E minor,fifth movement from cantata BWV 177
"Ich will den Kreuzstab gerne tragen; Endlich, endlich wird mein Joch",Bach,BWV56,1726,,Bass,Oboe,Harpsichord,Cantata,,CantataAria,,Germany,Bb major,,Bach,Ich will den Kreuzstab gerne tragen BWV 56 Endlich endlich wird mein Joch Bb major,continuo in orchestration
Ich will den Kreuzstab gerne tragen; Ich stehe fertig und bereit,Bach,BWV56,1726,,Bass,Orchestra,,Cantata,,Recitative,,Germany,Undeterminable,C major,Bach,Ich will den Kreuzstab gerne tragen BWV 56 Ich stehe fertig und bereit,"harpsichord under ""add instrument"" represents continuo"
Ich will den Kreuzstab gerne tragen; Ich will den Kreuzstab gerne tragen,Bach,BWV56,1726,,Bass,Orchestra,,Cantata,,CantataAria,,Germany,G minor,,Bach,Ich will den Kreuzstab gerne tragen BWV 56 Ich will den Kreuzstab gerne tragen G minor,
"Ich will den Kreuzstab gerne tragen; Komm, o Tod, du Schlafes Bruder",Bach,BWV56,1726,,SATB,Harpsichord,,Cantata,,CantataChorale,,Germany,C minor,,Bach,"Ich will den Kreuzstab gerne tragen BWV 56 Komm, o Tod, du Schlafes Bruder C minor","harpsichord under ""add instrument"" represents continuo"
Ich will den Kreuzstab gerne tragen; Mein Wandel auf der Welt,Bach,BWV56,1726,,Bass,Harpsichord,,Cantata,,Recitative,,Germany,Bb major,,Bach,Ich will den Kreuzstab gerne tragen BWV 56 Mein Wandel auf der Welt Bb major,continuo in orchestration
Ihr Gestirn ihr hohen Lufte,Bach,BWV366,,1700-1750,SATB,,,Chorale,,,,Germany,D minor,,Bach,Ihr Gestirn ihr hohen Lufte BWV 366 D minor,
In allen meinen Taten,Bach,BWV244,,1727-1729,SATB,,,Chorale,,,,Germany,F major,,Bach,In allen meinen Taten BWV 244 F major,thirty-seventh movement from cantata BWV 244
In allen meinen Taten,Bach,BWV367,,1700-1750,SATB,,,Chorale,,,,Germany,C major,,Bach,In allen meinen Taten BWV 367 C major,
"In dich hab ich gehoffet, Herr",Bach,BWV244,,1736-1742,SATB,,,Chorale,,,,Germany,Bb major,,Bach,In dich hab ich gehoffet Herr BWV 244 Bb major,thirty-second movement from passion BWV 244
"In dich hab ich gehoffet, Herr",Bach,BWV248,,1734-1735,SATB,,,Chorale,,,,Germany,A major,,Bach,In dich hab ich gehoffet Herr BWV 248 A major,forty-sixth movement from oratorio BWV 248
In dulci jubilo,Bach,BWV368,,1700-1750,SATB,,,Chorale,,,,Germany,F major,,Bach,In dulci jubilo BWV 368 F major,
Ist Gott mein Schild und Helfersmann,Bach,BWV85,1725,,SATB,,,Chorale,,,,Germany,C minor,,Bach,Ist Gott mein Schild und Helfersmann BWV 85 C minor,sixth movement from cantata BWV 85
"Italian Concerto, first movement",Bach,BWV971,1735,,harpsichord,,,Concerto,,FirstMovement,,Germany,F major,,Bach,Italian Concerto BWV971 I F major,
"Italian Concerto, Largo",Bach,BWV971,1735,,harpsichord,,,Concerto,,SlowMovement,,Germany,D minor,,Bach,Italian Concerto BWV971 II d minor,
"Italian Concerto, last movement",Bach,BWV971,1735,,harpsichord,,,Concerto,,LastMovement,,Germany,F major,,Bach,Italian Concerto BWV971 III F major,
Jauchzet Gott in allen Landen; Alleluja,Bach,BWV51,,1727-1731,Soprano,Orchestra,,Cantata,,CantataAria,,Germany,C major,,Bach,Jauchzet Gott in allen Landen BWV 51 Alleluja C major,soprano part is missing in MIDI file
Jauchzet Gott in allen Landen; Hochster mache deine Gute,Bach,BWV51,,1727-1731,Soprano,Harpsichord,,Cantata,,CantataAria,,Germany,A minor,,Bach,Jauchzet Gott in allen Landen BWV 51 Hochster mache deine Gute A minor,continuo in orchestration
Jauchzet Gott in allen Landen; Jauchzet Gott in allen Landen,Bach,BWV51,,1727-1731,Soprano,Orchestra,,Cantata,,CantataAria,,Germany,C major,,Bach,Jauchzet Gott in allen Landen BWV 51 Jauchzet Gott in allen Landen C major,
Jauchzet Gott in allen Landen; Sei Lob und Preis mit Ehren,Bach,BWV51,,1727-1731,Soprano,Orchestra,,Cantata,,CantataAria,,Germany,C major,,Bach,Jauchzet Gott in allen Landen BWV 51 Sei Lob und Preis mit Ehren C major,
Jauchzet Gott in allen Landen; Wir beten zu dem Tempel an,Bach,BWV51,,1727-1731,Soprano,Orchestra,,Cantata,,Recitative,,Germany,A minor,,Bach,Jauchzet Gott in allen Landen BWV 51 Wir beten zu dem Tempel an A minor,
"Jesu, deine tiefen Wunden",Bach,BWV194,1723,,SATB,,,Chorale,,,,Germany,Bb major,,Bach,Jesu deine tiefen Wunden BWV 194 Bb major,sixth movement from cantata BWV 194
"Jesu, der du meine Seele",Bach,BWV352,,1700-1750,SATB,,,Chorale,,,,Germany,A minor,,Bach,Jesu der du meine Seele BWV 352 A minor,
"Jesu, der du meine Seele",Bach,BWV353,,1700-1750,SATB,,,Chorale,,,,Germany,G minor,,Bach,Jesu der du meine Seele BWV 353 G minor,
"Jesu, der du meine Seele",Bach,BWV354,,1700-1750,SATB,,,Chorale,,,,Germany,Bb minor,,Bach,Jesu der du meine Seele BWV 354 Bb minor,
"Jesu, der du meine Seele",Bach,BWV78,1724,,SATB,,,Chorale,,,,Germany,G minor,,Bach,Jesu der du meine Seele BWV 78 G minor,seventh movement from cantata BWV 78
"Jesu, der du selbsten wohl",Bach,BWV355,,1700-1750,SATB,,,Chorale,,,,Germany,A major,,Bach,Jesu der du selbsten wohl BWV 355 A major,
"Jesu, du mein liebstes Leben",Bach,BWV356,,1700-1750,SATB,,,Chorale,,,,Germany,G minor,,Bach,Jesu du mein liebstes Leben BWV 356 G minor,
"Jesu, Jesu, du bist mein",Bach,BWV357,,1700-1750,SATB,,,Chorale,,,,Germany,C minor,,Bach,Jesu Jesu du bist mein BWV 357 C minor,
"Jesu Leiden, Pein und Tod",Bach,BWV159,,1700-1750,SATB,,,Chorale,,,,Germany,Eb major,,Bach,Jesu Leiden Pein und Tod BWV 159 Eb major,fifth movement from cantata BWV 159
"Jesu Leiden, Pein und Tod",Bach,BWV245,,1724-1749,SATB,,,Chorale,,,,Germany,A major,,Bach,Jesu Leiden Pein und Tod BWV 245 28 A major,twenty-eighth movement from passion BWV 245
"Jesu Leiden, Pein und Tod",Bach,BWV245,,1724-1749,SATB,,,Chorale,,,,Germany,A major,,Bach,Jesu Leiden Pein und Tod BWV 245 A major,fourteenth movement from passion BWV 245
"Jesu, meine Freude",Bach,BWV227,1723,,SATB,,,Chorale,,,,Germany,E minor,,Bach,Jesu meine Freude BWV 227 7 E minor,seventh movement from cantata BWV 227
"Jesu, meine Freude",Bach,BWV227,1723,,SATB,,,Chorale,,,,Germany,E minor,,Bach,Jesu meine Freude BWV 227 E minor,first movement from motet BWV 227
"Jesu, meine Freude",Bach,BWV358,,1700-1750,SATB,,,Chorale,,,,Germany,D minor,,Bach,Jesu meine Freude BWV 358 D minor,
"Jesu, meine Freude",Bach,BWV64,1723,,SATB,,,Chorale,,,,Germany,E minor,,Bach,Jesu meine Freude BWV 64 E minor,eighth movement from cantata BWV 64
"Jesu, meine Freude",Bach,BWV81,1724,,SATB,,,Chorale,,,,Germany,E minor,,Bach,Jesu meine Freude BWV 81 E minor,seventh movement from cantata BWV 81
"Jesu, meine Freude",Bach,BWV87,1725,,SATB,,,Chorale,,,,Germany,D minor,,Bach,Jesu meine Freude BWV 87 D minor,seventh movement from cantata BWV 87
"Jesu, meiner Freuden Freude",Bach,BWV360,,1700-1750,SATB,,,Chorale,,,,Germany,Bb major,,Bach,Jesu meiner Freuden Freude BWV 360 Bb major,
Jesu meiner Seelen Wonne,Bach,BWV359,,1700-1750,SATB,,,Chorale,,,,Germany,A major,,Bach,Jesu meiner Seelen Wonne BWV 359 A major,
Jesu meines Herzens Freud,Bach,BWV361,,1700-1750,SATB,,,Chorale,,,,Germany,Bb major,,Bach,Jesu meines Herzens Freud BWV 361 Bb major,
"Jesu, nun sei gepreiset",Bach,BWV190,,1723-1730,SATB,,,Chorale,,,,Germany,D major,,Bach,Jesu nun sei gepreiset BWV 190 D major,seventh movement from cantata BWV 190
"Jesu, nun sei gepreiset",Bach,BWV362,,1700-1750,SATB,,,Chorale,,,,Germany,Bb major,,Bach,Jesu nun sei gepreiset BWV 362 Bb major,
"Jesu, nun sei gepreiset",Bach,BWV41,1725,,SATB,,,Chorale,,,,Germany,C major,,Bach,Jesu nun sei gepreiset BWV 41 C major,sixth movement from cantata BWV 41
"Jesus Christus, unser Heiland",Bach,BWV363,,1700-1750,SATB,,,Chorale,,,,Germany,E minor,,Bach,Jesus Christus unser Heiland BWV 363 E minor,
"Jesus Christus, unser Heiland",Bach,BWV364,,1700-1750,SATB,,,Chorale,,,,Germany,G minor,,Bach,Jesus Christus unser Heiland BWV 364 G minor,
"Jesus, meine Zuversicht",Bach,BWV145,1729,,SATB,,,Chorale,,,,Germany,D major,,Bach,Jesus meine Zuversicht BWV 145 D major,eighth movement from cantata BWV 145
"Jesus, meine Zuversicht",Bach,BWV365,,1700-1750,SATB,,,Chorale,,,,Germany,C major,,Bach,Jesus meine Zuversicht BWV 365 C major,
Jesus nahm zu sich die Zwolfe; Ertot uns durch dein Gute ,Bach,BWV22,1723,,SATB,Orchestra,,Cantata,,CantataChorale,,Germany,Bb major,,Bach,Jesus nahm zu sich die Zwolfe BWV 22 Ertot uns durch dein Gute Bb major,
Keinen hat Gott verlassen,Bach,BWV369,,1700-1750,SATB,,,Chorale,,,,Germany,E minor,,Bach,Keinen hat Gott verlassen BWV 369 E minor,
"Komm, Gott Schopfer, heiliger Geist",Bach,BWV370,,1700-1750,SATB,,,Chorale,,,,Germany,C major,,Bach,Komm Gott Schopfer heiliger Geist BWV 370 C major,
"Komm, heiliger Geist, Herre Gott",Bach,BWV226,1729,,SATB,,,Chorale,,,,Germany,G major,,Bach,Komm heiliger Geist Herre Gott BWV 226 G major,chorale from BWV 226
"Kommt her zu mir, spricht",Bach,BWV108,1725,,SATB,,,Chorale,,,,Germany,B minor,,Bach,Kommt her zu mir spricht BWV 108 B minor,last movement from cantata BWV 108
"Kommt her zu mir, spricht Gottes Sohn",Bach,BWV74,1725,,SATB,,,Chorale,,,,Germany,A minor,,Bach,Kommt her zu mir spricht Gottes Sohn BWV 74 A minor,eighth movement from cantata BWV 74
Kyrie! Gott Vater in Ewigkeit,Bach,BWV371,,1700-1750,SATB,,,Chorale,,,,Germany,G major,A minor,Bach,Kyrie Gott Vater in Ewigkeit BWV 371 G major,
Gott Vater in Ewigkeit from Kyrie,Bach,BWV669,1739,,Organ,,,Prelude,,ChoralePrelude,,Germany,Eb major,C minor,Bach,Kyrie Gott Vater in Ewigkeit BWV669 Eb major,"modal, chant based"
"Lass, o Herr, dein Ohr sich neigen",Bach,BWV372,,1700-1750,SATB,,,Chorale,,,,Germany,G minor,,Bach,Lass o Herr dein Ohr sich neigen BWV 372 G minor,
"Liebester Gott, wann werd ich sterben",Bach,BWV8,1724,,SATB,,,Chorale,,,,Germany,E major,,Bach,Liebester Gott wann werd ich sterben BWV 8 E major,last movement from cantata BWV 8
"Liebester Jesu, wir sind hier",Bach,BWV373,,1700-1750,SATB,,,Chorale,,,,Germany,G major,,Bach,Liebester Jesu wir sind hier BWV 373 G major,
"Liebster Gott, wenn werd ich sterben?; Doch weichet, ihr tollen, vergeblichen Sorgen!",Bach,BWV8,1724,,Bass,Orchestra,,Cantata,,CantataAria,,Germany,A major,,Bach,Liebster Gott wenn werd ich sterben BWV 8 Doch weichet ihr tollen vergeblichen Sorgen A major,
"Liebster Gott, wenn werd ich sterben?; Liebster Gott, wenn werd ich sterben?",Bach,BWV8,1724,,SATB,Orchestra,,Cantata,,CantataChorus,,Germany,E major,,Bach,Liebster Gott wenn werd ich sterben BWV 8 Liebster Gott wenn werd ich sterben E major,
"Liebster Immanuel, Herzog der Frommen",Bach,BWV123,1725,,SATB,,,Chorale,,,,Germany,B minor,,Bach,Liebster Immanuel Herzog der Frommen BWV 123 B minor,sixteenth movement from cantata BWV 123
"Liebster Jesu, mein Verlangen; Ach! heiliger und grosser Gott",Bach,BWV32,1726,,Soprano,Bass,Orchestra,Cantata,,Recitative,,Germany,B minor,G major,Bach,Liebster Jesu mein Verlangen BWV 32 Ach heiliger und grosser Gott B minor,
"Liebster Jesu, mein Verlangen; Hier in meines Vaters Statte",Bach,BWV32,1726,,Bass,Harpsichord,Violin,Cantata,,CantataAria,,Germany,G major,,Bach,Liebster Jesu mein Verlangen BWV 32 Hier in meines Vaters Statte G major,
"Liebster Jesu, mein Verlangen; Liebster Jesu, mein Verlangen",Bach,BWV32,1726,,Soprano,Oboe,Violin,Cantata,,CantataAria,,Germany,E minor,,Bach,Liebster Jesu mein Verlangen BWV 32 Liebster Jesu mein Verlangen E minor,
"Liebster Jesu, mein Verlangen; Mein Gott, offne mir die Pforten",Bach,BWV32,1726,,SATB,Orchestra,,Cantata,,CantataChorale,,Germany,G major,,Bach,Liebster Jesu mein Verlangen BWV 32 Mein Gott offne mir die Pforten G major,
"Liebster Jesu, mein Verlangen; Nun verschwinden alle Plagen",Bach,BWV32,1726,,Soprano,Bass,Orchestra,Cantata,,OperaDuet,,Germany,D major,,Bach,Liebster Jesu mein Verlangen BWV 32 Nun verschwinden alle Plagen D major,
"Liebster Jesu, mein Verlangen; Was ists, dass du mich gesuchet?",Bach,BWV32,1726,,Bass,Organ,,Cantata,,Recitative,,Germany,B minor,,Bach,Liebster Jesu mein Verlangen BWV 32 Was ists dass du mich gesuchet B minor,
"Liebster Jesu, wir sind hier",Bach,BWV706,,1708-1714,Organ,,,Prelude,,ChoralePrelude,,Germany,A major,,Bach,Liebster Jesu wir sind hier BWV706 A major,
Fugue from Little Prelude in C major,Bach,BWV553,,1710-1740,Organ,,,PreludeAndFugue,,Fugue,,Germany,C major,,Bach,Little Prelude and Fugue BWV553 Fugue C major,Authorship questioned
Prelude from Little Prelude in C major,Bach,BWV553,,1710-1740,Organ,,,PreludeAndFugue,,Prelude,,Germany,C major,,Bach,Little Prelude and Fugue BWV553 Prelude C major,Authorship questioned
Fugue from Little Prelude in D minor,Bach,BWV554,,1710-1740,Organ,,,PreludeAndFugue,,Fugue,,Germany,D minor,,Bach,Little Prelude and Fugue BWV554 Fugue D minor,Authorship questioned
Prelude from Little Prelude in D minor,Bach,BWV554,,1710-1740,Organ,,,PreludeAndFugue,,Prelude,,Germany,D minor,,Bach,Little Prelude and Fugue BWV554 Prelude D minor,Authorship questioned
Fugue from Little Prelude in D minor,Bach,BWV555,,1710-1740,organ,,,PreludeAndFugue,,Fugue,,Germany,E minor,,Bach,Little Prelude and Fugue BWV555 Fugue E minor,Authorship questioned
Prelude from Little Prelude in D minor,Bach,BWV555,,1710-1740,Organ,,,PreludeAndFugue,,Prelude,,Germany,E minor,,Bach,Little Prelude and Fugue BWV555 Prelude E minor,Authorship questioned
Fugue from Little Prelude in F major,Bach,BWV556,,1710-1740,Organ,,,PreludeAndFugue,,Fugue,,Germany,F major,,Bach,Little Prelude and Fugue BWV556 Fugue F major,Authorship questioned
Prelude from Little Prelude in F major,Bach,BWV556,,1710-1740,Organ,,,PreludeAndFugue,,Prelude,,Germany,F major,,Bach,Little Prelude and Fugue BWV556 Prelude F major,Authorship questioned
Fugue from Little Prelude in G major,Bach,BWV557,,1710-1740,Organ,,,PreludeAndFugue,,Fugue,,Germany,G major,,Bach,Little Prelude and Fugue BWV557 Fugue G major,Authorship questioned
Prelude from Little Prelude in G major,Bach,BWV557,,1710-1740,Organ,,,PreludeAndFugue,,Prelude,,Germany,G major,,Bach,Little Prelude and Fugue BWV557 Prelude G major,Authorship questioned
Fugue from Little Prelude in G minor,Bach,BWV558,,1710-1740,Organ,,,PreludeAndFugue,,Fugue,,Germany,G minor,,Bach,Little Prelude and Fugue BWV558 Fugue G minor,Authorship questioned
Prelude from Little Prelude in G minor,Bach,BWV558,,1710-1740,Organ,,,PreludeAndFugue,,Prelude,,Germany,G minor,,Bach,Little Prelude and Fugue BWV558 Prelude G minor,Authorship questioned
Fugue from Little Prelude in A minor,Bach,BWV559,,1710-1740,Organ,,,PreludeAndFugue,,Fugue,,Germany,A minor,,Bach,Little Prelude and Fugue BWV559 Fugue A minor,Authorship questioned
Prelude from Little Prelude in A minor,Bach,BWV559,,1710-1740,Organ,,,PreludeAndFugue,,Prelude,,Germany,A minor,,Bach,Little Prelude and Fugue BWV559 Prelude A minor,Authorship questioned
Fugue from Little Prelude in Bb major,Bach,BWV560,,1710-1740,Organ,,,PreludeAndFugue,,Fugue,,Germany,Bb major,,Bach,Little Prelude and Fugue BWV560 Fugue Bb major,Authorship questioned
Prelude from Little Prelude in Bb major,Bach,BWV560,,1710-1740,Organ,,,PreludeAndFugue,,Prelude,,Germany,Bb major,,Bach,Little Prelude and Fugue BWV560 Prelude Bb major,Authorship questioned
Little Prelude in C major,Bach,BWV924,1720,,harpsichord,,,Prelude,,,,Germany,C major,,Bach,Little Prelude BWV924 C major,
Little Prelude in D major,Bach,BWV925,1720,,harpsichord,,,Prelude,,,,Germany,D major,,Bach,Little Prelude BWV925 D major,
Little Prelude in D minor,Bach,BWV926,1720,,harpsichord,,,Prelude,,,,Germany,D minor,,Bach,Little Prelude BWV926 D minor,
Little Prelude in F major,Bach,BWV927,1720,,harpsichord,,,Prelude,,,,Germany,F major,,Bach,Little Prelude BWV927 F major,
Little Prelude in F major,Bach,BWV928,1720,,harpsichord,,,Prelude,,,,Germany,F major,,Bach,Little Prelude BWV928 F major,
Little Prelude in G minor,Bach,BWV929,1720,,harpsichord,,,Prelude,,,,Germany,G minor,,Bach,Little Prelude BWV929 G minor,
Little Prelude in G minor,Bach,BWV930,1720,,harpsichord,,,Prelude,,,,Germany,G minor,,Bach,Little Prelude BWV930 G minor,
Little Prelude in C major,Bach,BWV933,1717,,harpsichord,,,Prelude,,,,Germany,C major,,Bach,Little Prelude BWV933 C major,
Little Prelude in C minor,Bach,BWV934,1717,,harpsichord,,,Prelude,,,,Germany,C minor,,Bach,Little Prelude BWV934 C minor,
Little Prelude in D minor,Bach,BWV935,1717,,harpsichord,,,Prelude,,,,Germany,D minor,,Bach,Little Prelude BWV935 D minor,
Little Prelude in D major,Bach,BWV936,1717,,harpsichord,,,Prelude,,,,Germany,D major,,Bach,Little Prelude BWV936 D major,
Little Prelude in E major,Bach,BWV937,1717,,harpsichord,,,Prelude,,,,Germany,E major,,Bach,Little Prelude BWV937 E major,
Little Prelude in E minor,Bach,BWV938,1717,,harpsichord,,,Prelude,,,,Germany,E minor,,Bach,Little Prelude BWV938 E minor,
Little Prelude in C major,Bach,BWV939,1717,,harpsichord,,,Prelude,,,,Germany,C major,,Bach,Little Prelude BWV939 C major,
Little Prelude in E minor,Bach,BWV941,1717,,harpsichord,,,Prelude,,,,Germany,E minor,,Bach,Little Prelude BWV941 E minor,
Little Prelude in A minor,Bach,BWV942,1717,,harpsichord,,,Prelude,,,,Germany,A minor,,Bach,Little Prelude BWV942 A minor,
"Lobe den Herren, den machtigen Konig der Ehren; Chorale",Bach,BWV137,,1700-1750,SATB,Orchestra,,Cantata,,CantataChorale,,Germany,C major,,Bach,Lobe den Herren den machtigen Konig der Ehren BWV 137 Chorale C major,Midi file only contains vocal parts
"Lobe den Herren, den machtigen Konig der Ehren; Chorus",Bach,BWV137,,1700-1750,SATB,Orchestra,,Cantata,,CantataChorus,,Germany,C major,,Bach,Lobe den Herren den machtigen Konig der Ehren BWV 137 Chorus C major,Midi file only contains vocal parts
"Lobet den Herren, denn er ist freundlich",Bach,BWV374,,1700-1750,SATB,,,Chorale,,,,Germany,G minor,,Bach,Lobet den Herren denn er ist freundlich BWV 374 G minor,
"Lobet Gott in seinen Reichen; Ach, bleibe doch, mein liebstes Leben",Bach,BWV11,1735,,Alto,Violin,Harpsichord,Cantata,,CantataAria,,Germany,A minor,E minor,Bach,Lobet Gott in seinen Reichen BWV 11 Ach bleibe doch mein liebstes Leben A minor,
Lobet Gott in seinen Reichen; Ach ja! so komme bald zuruck,Bach,BWV11,1735,,Alto,Flute,Flute,Cantata,,Recitative,,Germany,Undeterminable,B minor,Bach,Lobet Gott in seinen Reichen BWV 11 Ach ja so komme bald zuruck B minor,continuo also in orchestration
"Lobet Gott in seinen Reichen; Ach, Jesu, ist dein Abschied schon so nah?",Bach,BWV11,1735,,Bass,Flute,Flute,Cantata,,Recitative,,Germany,A minor,,Bach,Lobet Gott in seinen Reichen BWV 11 Ach Jesu ist dein Abschied schon so nah A minor,Continuo also in orchestration 
Lobet Gott in seinen Reichen; Der Herr Jesus hub seine Hande auf,Bach,BWV11,1735,,Tenor,Harpsichord,,Cantata,,Recitative,,Germany,B minor,A major,Bach,Lobet Gott in seinen Reichen BWV 11 Der Herr Jesus hub seine Hande auf B minor,
Lobet Gott in seinen Reichen; Lobet Gott in seinen Reichen,Bach,BWV11,1735,,SATB,Orchestra,,Cantata,,CantataChorus,,Germany,D major,,Bach,Lobet Gott in seinen Reichen BWV 11 Lobet Gott in seinen Reichen D major,
Lobet Gott in seinen Reichen; Nun lieget alles unter dir,Bach,BWV11,1735,,SATB,Harpsichord,,Cantata,,CantataChorale,,Germany,D major,,Bach,Lobet Gott in seinen Reichen BWV 11 Nun lieget alles unter dir D major,
Lobet Gott in seinen Reichen; Sie aber beteten ihn an,Bach,BWV11,1735,,Tenor,Harpsichord,,Cantata,,Recitative,,Germany,Undeterminable,G major,Bach,Lobet Gott in seinen Reichen BWV 11 Sie aber beteten ihn an G major,
Lobet Gott in seinen Reichen; Und da sie ihm nachsahen gen Himmel fahren,Bach,BWV11,1735,,Tenor,Bass,Harpsichord,Cantata,,Recitative,,Germany,D major,,Bach,Lobet Gott in seinen Reichen BWV 11 Und da sie ihm nachsahen gen Himmel fahren D major,
Lobet Gott in seinen Reichen; Und ward aufgehoben zusehends,Bach,BWV11,1735,,Tenor,Harpsichord,,Cantata,,Recitative,,Germany,E minor,F# major,Bach,Lobet Gott in seinen Reichen BWV 11 Und ward aufgehoben zusehends E minor,
Lobet Gott in seinen Reichen; Wenn soll es doch geschehen,Bach,BWV11,1735,,SATB,Orchestra,,Cantata,,CantataChorus,,Germany,D major,,Bach,Lobet Gott in seinen Reichen BWV 11 Wenn soll es doch geschehen D major,
"Lobt Gott, ihr Christen allzugleich",Bach,BWV151,,1700-1750,SATB,,,Chorale,,,,Germany,G major,,Bach,Lobt Gott ihr Christen allzugleich BWV 151 G major,fifth movement from cantata BWV 151
"Lobt Gott, ihr Christen allzugleich",Bach,BWV375,,1700-1750,SATB,,,Chorale,,,,Germany,G major,,Bach,Lobt Gott ihr Christen allzugleich BWV 375 G major,
"Lobt Gott, ihr Christen allzugleich",Bach,BWV376,,1700-1750,SATB,,,Chorale,,,,Germany,A major,,Bach,Lobt Gott ihr Christen allzugleich BWV 376 A major,
"Machs mit mir, Gott, nach deiner Gut",Bach,BWV245,,1724-1749,SATB,,,Chorale,,,,Germany,E major,,Bach,Machs mit mir Gott nach deiner Gut BWV 245 E major,twenty-second movement from passion BWV 245
"Mach's mit mir, Gott, nach deiner Gut",Bach,BWV377,,1700-1750,SATB,,,Chorale,,,,Germany,D major,,Bach,Machs mit mir Gott nach deiner Gut BWV 377 D major,
Mein Augen schliess ich jetzt,Bach,BWV378,,1700-1750,SATB,,,Chorale,,,,Germany,G major,,Bach,Mein Augen schliess ich jetzt BWV 378 G major,
Mein Seele erhebet den Herrn,Bach,BWV324,,1700-1750,SATB,,,Chorale,,,,Germany,E minor,,Bach,Mein Seele erhebet den Herrn BWV 324 E minor,
Meine Seele erhebet den Herrn,Bach,BWV10,1724,,SATB,,,Chorale,,,,Germany,G minor,,Bach,Meine Seele erhebet den Herrn BWV 10 G minor,seventh movement from cantata BWV 10
"Meine Seufzer, meine Tranen; Achzen und erbarmlich Weinen",Bach,BWV13,1726,,Bass,Violin,Harpsichord,Cantata,,CantataAria,,Germany,G minor,,Bach,Meine Seufzer meine Tranen BWV 13 Achzen und erbarmlich Weinen G minor,
"Meinen Jesum lass ich nicht, Jesus",Bach,BWV379,,1700-1750,SATB,,,Chorale,,,,Germany,G major,,Bach,Meinen Jesum lass ich nicht Jesus BWV 379 G major,
"Meinen Jesum lass ich nicht, weil",Bach,BWV154,1724,,SATB,,,Chorale,,,,Germany,D major,,Bach,Meinen Jesum lass ich nicht weil BWV 154 D major,eighth movement from cantata BWV 154
"Meinen Jesum lass ich nicht, weil",Bach,BWV380,,1700-1750,SATB,,,Chorale,,,,Germany,Eb major,,Bach,Meinen Jesum lass ich nicht weil BWV 380 Eb major,
"Meinen Jesum lass ich nicht, weil",Bach,BWV70,1716,,SATB,,,Chorale,,,,Germany,C major,,Bach,Meinen Jesum lass ich nicht weil BWV 70 C major,eleventh movement from cantata BWV 70
Meines Lebens letzte Zeit,Bach,BWV381,,1700-1750,SATB,,,Chorale,,,,Germany,E minor,,Bach,Meines Lebens letzte Zeit BWV 381 E minor,
Mer hahn en neue Oberkeet; Overture,Bach,BWV212,1742,,Violin,Viola,Harpsichord,Cantata,,Sinfonia(Intro),,Germany,A major,,Bach,Mer hahn en neue Oberkeet BWV 212 Overture A major,
Minuet in G major,Bach,BWV841,1720,,harpsichord,,,SoloDanceOneMovement,,Minuet,,Germany,G major,,Bach,Minuet in G BWV841 G major,
Minuet in G minor,Bach,BWV842,1720,,harpsichord,,,SoloDanceOneMovement,,Minuet,,Germany,G minor,,Bach,Minuet in G BWV842 G minor,
Minuet in G major,Bach,BWV843,1720,,harpsichord,,,SoloDanceOneMovement,,Minuet,,Germany,G major,,Bach,Minuet in G BWV843 G major,
Mit Fried und Freud ich fahr dahin,Bach,BWV382,,1700-1750,SATB,,,Chorale,,,,Germany,D minor,,Bach,Mit Fried und Freud ich fahr dahin BWV 382 D minor,
Mit Fried und Freud ich fahr dahin,Bach,BWV83,1724,,SATB,,,Chorale,,,,Germany,D minor,,Bach,Mit Fried und Freud ich fahr dahin BWV 83 D minor,fifth movement from cantata BWV 83
Mitten wir im Leben sind,Bach,BWV383,,1700-1750,SATB,,,Chorale,,,,Germany,A minor,,Bach,Mitten wir im Leben sind BWV 383 A minor,
"Nicht so traurig, nicht so sehr",Bach,BWV384,,1700-1750,SATB,,,Chorale,,,,Germany,C minor,,Bach,Nicht so traurig nicht so sehr BWV 384 C minor,
"Nimm von uns, Herr, du treuer Gott",Bach,BWV101,1724,,SATB,,,Chorale,,,,Germany,D minor,,Bach,Nimm von uns Herr du treuer Gott BWV 101 D minor,seventh movement from cantata BWV 101
Nun bitten wir den heiligen Geist,Bach,BWV169,1726,,SATB,,,Chorale,,,,Germany,A major,,Bach,Nun bitten wir den heiligen Geist BWV 169 A major,seventh movement from cantata BWV 169
Nun bitten wir den heiligen Geist,Bach,BWV197,,1736-1737,SATB,,,Chorale,,,,Germany,A major,,Bach,Nun bitten wir den heiligen Geist BWV 197 A major,fifth movement from cantata BWV 197
Nun bitten wir den heiligen Geist,Bach,BWV385,,1700-1750,SATB,,,Chorale,,,,Germany,A major,,Bach,Nun bitten wir den heiligen Geist BWV 385 A major,
Nun danket alle Gott,Bach,BWV252,,1700-1750,SATB,,,Chorale,,,,Germany,G major,,Bach,Nun danket alle Gott BWV 252 G major,
Nun danket alle Gott,Bach,BWV386,,1700-1750,SATB,,,Chorale,,,,Germany,A major,,Bach,Nun danket alle Gott BWV 386 A major,
"Nun freut euch, Gottes Kinder all",Bach,BWV387,,1700-1750,SATB,,,Chorale,,,,Germany,D minor,,Bach,Nun freut euch Gottes Kinder all BWV 387 D minor,
"Nun freut euch, lieben Christen gemein",Bach,BWV388,,1700-1750,SATB,,,Chorale,,,,Germany,G major,,Bach,Nun freut euch lieben Christen gemein BWV 388 G major,
"Nun freut euch, lieben Christen gmein",Bach,BWV734,,1710-1740,Organ,,,Prelude,,ChoralePrelude,,Germany,G major,,Bach,Nun freut euch lieben Christen gmein BWV734 G major,
Nun ist das Heil und die Kraft,Bach,BWV50,,1700-1750,SATB,SATB,Orchestra,Cantata,,,,Germany,D major,,Bach,Nun ist das Heil und die Kraft BWV 50 D major,no autographed copy of the piece exists
"Nun komm, der Heiden Heiland",Bach,BWV36,1731,,SATB,,,Chorale,,,,Germany,B minor,,Bach,Nun komm der Heiden Heiland BWV 36 B minor,last movement from cantata BWV 36
"Nun komm, der Heiden Heiland; Siehe, ich stehe vor der Tur",Bach,BWV61,1714,,Bass,Orchestra,,Cantata,,Recitative,,Germany,E minor,G major,Bach,Nun komm der Heiden Heiland BWV 61 Siehe ich stehe vor der Tur E minor,
"Nun komm, der Heiden Heiland",Bach,BWV62,1724,,SATB,,,Chorale,,,,Germany,A minor,,Bach,Nun komm der Heiden Heiland BWV 62 A minor,sixth movement from cantata BWV 62
Nun komm der Heiden Heiland Chorale Prelude,Bach,BWV659,1723,,organ,,,Prelude,,ChoralePrelude,,Germany,G minor,,Bach,Nun komm der Heiden Heiland BWV659 G minor,
Nun komm der Heiden Heiland Chorale Prelude,Bach,BWV661,1723,,Organ,,,Prelude,,ChoralePrelude,,Germany,G minor,,Bach,Nun komm der Heiden Heiland BWV661 G minor,
Nun lasst uns Gott dem Herren,Bach,BWV194,1723,,SATB,,,Chorale,,,,Germany,Bb major,,Bach,Nun lasst uns Gott dem Herren BWV 194 Bb major,twelfth movement from cantata BWV 194
Nun lieget alles unter dir,Bach,BWV11,1735,,SATB,,,Chorale,,,,Germany,D major,,Bach,Nun lieget alles unter dir BWV 11 D major,sixth movement from cantata BWV 11
"Nun lob, mein Seel, den Herren",Bach,BWV17,1726,,SATB,,,Chorale,,,,Germany,A major,,Bach,Nun lob mein Seel den Herren BWV 17 A major,seventh movement from cantata BWV 17
"Nun lob, mein Seel, den Herren",Bach,BWV29,1731,,SATB,,,Chorale,,,,Germany,D major,,Bach,Nun lob mein Seel den Herren BWV 29 D major,eighth movement from cantata BWV 29
"Nun lob, mein Seel, den Herren",Bach,BWV389,,1700-1750,SATB,,,Chorale,,,,Germany,C major,,Bach,Nun lob mein Seel den Herren BWV 389 C major,
"Nun lob, mein Seel, den Herren",Bach,BWV390,,1700-1750,SATB,,,Chorale,,,,Germany,C major,,Bach,Nun lob mein Seel den Herren BWV 390 C major,
Nun preiset alle Gottes Barmherzigkeit,Bach,BWV391,,1700-1750,SATB,,,Chorale,,,,Germany,G major,,Bach,Nun preiset alle Gottes Barmherzigkeit BWV 391 G major,
Nun ruhen alle Walder,Bach,BWV13,1726,,SATB,,,Chorale,,,,Germany,Bb major,,Bach,Nun ruhen alle Walder BWV 13 Bb major,sixth movement from cantata BWV 13
Nun ruhen alle Walder,Bach,BWV244,,1736-1742,SATB,,,Chorale,,,,Germany,Ab major,,Bach,Nun ruhen alle Walder BWV 244 Ab major,tenth movement from passion BWV 244
Nun ruhen alle Walder,Bach,BWV245,1724,,SATB,,,Chorale,,,,Germany,A major,,Bach,Nun ruhen alle Walder BWV 245 A major,from cantata BWV 245
Nun ruhen alle Walder,Bach,BWV392,,1700-1750,SATB,,,Chorale,,,,Germany,Bb major,,Bach,Nun ruhen alle Walder BWV 392 Bb major,
Nun ruhen alle Walder,Bach,BWV44,1724,,SATB,,,Chorale,,,,Germany,Bb major,,Bach,Nun ruhen alle Walder BWV 44 Bb major,seventh movement from cantata BWV 44
Nun sich der Tag geendet hat,Bach,BWV396,,1700-1750,SATB,,,Chorale,,,,Germany,A minor,,Bach,Nun sich der Tag geendet hat BWV 396 A minor,
"O Ewigkeit, du Donnerwort",Bach,BWV20,1724,,SATB,,,Chorale,,,,Germany,F major,,Bach,O Ewigkeit du Donnerwort BWV 20 F major,seventh movement from cantata BWV 20
"O Ewigkeit, du Donnerwort",Bach,BWV397,,1700-1750,SATB,,,Chorale,,,,Germany,F major,,Bach,O Ewigkeit du Donnerwort BWV 397 F major,
"O Gott, du frommer Gott",Bach,BWV24,1723,,SATB,,,Chorale,,,,Germany,F major,,Bach,O Gott du frommer Gott BWV 24 F major,sixth movement from cantata BWV 24
"O Gott, du frommer Gott",Bach,BWV398,,1700-1750,SATB,,,Chorale,,,,Germany,D major,,Bach,O Gott du frommer Gott BWV 398 D major,
"O Gott, du frommer Gott",Bach,BWV399,,1700-1750,SATB,,,Chorale,,,,Germany,G major,,Bach,O Gott du frommer Gott BWV 399 G major,
"O Gott, du frommer Gott",Bach,BWV45,,1726,SATB,,,Chorale,,,,Germany,E major,,Bach,O Gott du frommer Gott BWV 45 E major,seventh movement from cantata BWV 45
O grosser Gott von Macht,Bach,BWV46,1723,,SATB,,,Chorale,,,,Germany,G minor,,Bach,O grosser Gott von Macht BWV 46 G minor,last movement from cantata BWV 46
O Haupt voll Blut und Wunden,Bach,BWV244,,1736-1742,SATB,,,Chorale,,,,Germany,B minor,,Bach,O Haupt voll Blut und Wunden BWV 244 B minor,sixty-second movement from passion BWV 244
O Haupt voll Blut und Wunden,Bach,BWV244,,1727-1746,SATB,,,Chorale,,,,Germany,D major,,Bach,O Haupt voll Blut und Wunden BWV 244 D major,forty-fourth movement from passion BWV 244
O Haupt voll Blut und Wunden,Bach,BWV244,,1736-1742,SATB,,,Chorale,,,,Germany,F major,,Bach,O Haupt voll Blut und Wunden BWV 244 F major,fifty-fourth movement from BWV 244
O Haupt voll Blut und Wunden,Bach,BWV244,,1736-1742,SATB,,,Chorale,,,,Germany,D major,,Bach,O Haupt voll Blut und Wunden BWV 244 movement 15 and 17 D major,fifteenth and seventeenth movement from cantata BWV 244
O Haupt voll Blut und Wunden,Bach,BWV248,1734,,SATB,,,Chorale,,,,Germany,A minor,,Bach,O Haupt voll Blut und Wunden BWV 248 A minor,fifth movement from oratorio BWV 248
"O Herre Gott, dein gottlich Wort",Bach,BWV185,,1700-1750,SATB,,,Chorale,,,,Germany,G major,,Bach,O Herre Gott dein gottlich Wort BWV 185 G major,
"O Herzensangst, o Bangigkeit",Bach,BWV400,,1700-1750,SATB,,,Chorale,,,,Germany,Eb major,,Bach,O Herzensangst o Bangigkeit BWV 400 Eb major,
"O Jesu, du mein Brautigam",Bach,BWV335,,1700-1750,SATB,,,Chorale,,,,Germany,E minor,,Bach,O Jesu du mein Brautigam BWV 335 E minor,
"O Lamm Gottes, unschuldig",Bach,BWV401,,1700-1750,SATB,,,Chorale,,,,Germany,F major,,Bach,O Lamm Gottes unschuldig BWV 401 F major,
"O Mensch, bewein dein Sunde gross",Bach,BWV402,,1700-1750,SATB,,,Chorale,,,,Germany,Eb major,,Bach,O Mensch bewein dein Sunde gross BWV 402 Eb major,
"O Mensch, schau Jesum Christum an",Bach,BWV403,,1700-1750,SATB,,,Chorale,,,,Germany,G minor,,Bach,O Mensch schau Jesum Christum an BWV 403 G minor,
O Sacred Head Sore Wounded BWV 727 B minor,Bach,BWV727,1740,,organ,,,Prelude,,ChoralePrelude,,Germany,B minor,,Bach,O sacred head sore wounded ,Modal
"O Traurigkeit, o Herzeleid",Bach,BWV404,,1700-1750,SATB,,,Chorale,,,,Germany,A minor,,Bach,O Traurigkeit o Herzeleid BWV 404 A minor,
"O Welt, sieh hier dein Leben",Bach,BWV393,,1700-1750,SATB,,,Chorale,,,,Germany,A major,,Bach,O Welt sieh hier dein Leben BWV 393 A major,
"O Welt, sieh hier dein Leben",Bach,BWV394,,1700-1750,SATB,,,Chorale,,,,Germany,A major,,Bach,O Welt sieh hier dein Leben BWV 394 A major,
"O Welt, sieh hier dein Leben",Bach,BWV395,,1700-1750,SATB,,,Chorale,,,,Germany,A major,,Bach,O Welt sieh hier dein Leben BWV 395 A major,
"O wie selig ihr doch, ihr Frommen",Bach,BWV405,,1700-1750,SATB,,,Chorale,,,,Germany,D minor,,Bach,O wie selig ihr doch ihr Frommen BWV 405 D minor,
"O wie selig seid ihr doch, ihr Frommen",Bach,BWV406,,1700-1750,SATB,,,Chorale,,,,Germany,D minor,,Bach,"O wie selig seid ihr doch, ihr Frommen BWV 406 D minor",
O wir armen Sunder,Bach,BWV407,,1700-1750,SATB,,,Chorale,,,,Germany,D major,,Bach,O wir armen Sunder BWV 407 D major,
Organ Trio in D minor,Bach,BWV583,,1723-1729,Organ,,,Trio,,,,Germany,D minor,,Bach,Organ Trio bwv583 D minor,
Organ Trio in G minor,Bach,BWV584,,1723-1729,Organ,,,Trio,,,,Germany,G minor,,Bach,Organ Trio bwv584 G minor,
Organ Trio in C minor,Bach,BWV585,,1723-1729,organ,,,Trio,,,,Germany,C minor,,Bach,Organ Trio bwv585 C minor,SPURIOUS: composed by_Johann Friedrich Fasch
Nun komm der Heiden Heiland from Orgelbuchlein,Bach,BWV599,,1713-1715,Organ,,,Prelude,,ChoralePrelude,,Germany,A minor,,Bach,Orgelbuchlein bwv599 Nun Komm der Heiden Heiland A minor,
Gott durch deine Gute from Orgelbuchlein,Bach,BWV600,,1713-1715,Organ,,,Prelude,,ChoralePrelude,,Germany,F major,,Bach,Orgelbuchlein BWV600 Gott durch deine gute F major,
Herr Christ der eigne Gottes Sohn from Orgelbuchlein,Bach,BWV601,,1713-1715,Organ,,,Prelude,,ChoralePrelude,,Germany,A major,,Bach,Orgelbuchlein BWV601 Herr Christ der eigne Gottes Sohn A major,
Lob sei dem allmachtigen Gott from Orgelbunchlein,Bach,BWV602,,1713-1715,Organ,,,Prelude,,ChoralePrelude,,Germany,F major,D minor,Bach,Orgelbuchlein BWV602 Lob sei dem F major,Sorta modal cantus
Puer natus in Bethlehem from Orgelbuchlein,Bach,BWV603,,1713-1715,Organ,,,Prelude,,ChoralePrelude,,Germany,G minor,,Bach,Orgelbuchlein BWV603 Puer natus in Bethlehem G minor,
Gelobet seist du Jesu Christ from Orgelbuchlein_,Bach,BWV604,,1713-1715,organ,,,Prelude,,ChoralePrelude,,Germany,G major,,Bach,Orgelbuchlein BWV604 Gelobet seist du Jesu Christ G major,
Der Tag der ist so freudenreich_from Orgelbuchlein,Bach,BWV605,,1713-1715,Organ,,,Prelude,,ChoralePrelude,,Germany,G major,,Bach,Orgelbuchlein BWV605 Der Tag der ist so freudenreich G major,
Vom Himmel hoch da komm ich her from Orgelbuchlein,Bach,BWV606,,1713-1715,Organ,,,Prelude,,ChoralePrelude,,Germany,D major,,Bach,Orgelbuchlein BWV606 Vom Himmel hoch da komm ich her D major,
Vom Himmel kam der Engel schar from Orgelbuchlein,Bach,BWV607,,1713-1715,Organ,,,Prelude,,ChoralePrelude,,Germany,G minor,,Bach,Orgelbuchlein BWV607 Vom Himmel kam der Engel schar G minor,
In dulci jubilo from Orgelbuchlein,Bach,BWV608,,1713-1715,Organ,,,Prelude,,ChoralePrelude,,Germany,A major,,Bach,Orgelbuchlein BWV608 In dulci jubilo A major,
Das alte Jahr vergangen ist_from Orgelbuchlein,Bach,BWV614,,1713-1715,Organ,,,Prelude,,ChoralePrelude,,Germany,D minor,E minor,Bach,Orgelbuchlein BWV614 Das alte Jahr vergangen ist D minor,Modally
In dir ist Freude from Orgelbuchlein,Bach,BWV615,,1713-1715,organ,,,Prelude,,ChoralePrelude,,Germany,G major,,Bach,Orgelbuchlein BWV615 In dir ist Freude G major,
O Lamm Gottes unschuldig from Orgelbuchlein,Bach,BWV618,,1713-1715,Organ,,,Prelude,,ChoralePrelude,,Germany,F major,,Bach,Orgelbuchlein BWV618 O Lamm Gottes unschuldig F major,
Christe du Lamm Gottes from Orgelbuchlein,Bach,BWV619,,1713-1715,organ,,,Prelude,,ChoralePrelude,,Germany,F major,,Bach,Orgelbuchlein BWV619 Christe du Lamm Gottes F major,
O Mensch Bewein from Orgelbuchlein,Bach,BWV622,,1713-1715,Organ,,,Prelude,,ChoralePrelude,,Germany,Eb major,,Bach,Orgelbuchlein BWV622 O Mensch Bewein Eb major,
Jesus Christus unser Heiland_from Orgelbuchlein,Bach,BWV626,,1713-1715,Organ,,,Prelude,,ChoralePrelude,,Germany,A minor,,Bach,Orgelbuchlein BWV626 Jesus Christus unser Heiland_A minor,
Vater unser im Himmelreich from Orgelbuchlein,Bach,BWV636,,1713-1715,Organ,,,Prelude,,ChoralePrelude,,Germany,D minor,,Bach,Orgelbuchlein BWV636 Vater unser im Himmelreich D minor,
Durch Adams Fall ist ganzverderbt from Orgelbuchlein,Bach,BWV637,,1713-1715,Organ,,,Prelude,,ChoralePrelude,,Germany,A minor,,Bach,Orgelbuchlein BWV637 Durch Adams Fall ist ganzverderbt A minor,
Ich ruf zu dir Herr Jesu Christ from Orgelbuchlein,Bach,BWV639,,1713-1715,Organ,,,Prelude,,ChoralePrelude,,Germany,F minor,,Bach,Orgelbuchlein BWV639 Ich ruf zu dir Herr Jesu Christ F minor,
Allemande from Partita no 1 in Bb major,Bach,BWV825,1726,,harpsichord,,,SoloSuitePartita,,Allemande,,Germany,Bb major,,Bach,Partita no 1 bwv825 Allemande Bb major,
Courante from Partita no 1 in Bb major,Bach,BWV825,1726,,harpsichord,,,SoloSuitePartita,,Courante,,Germany,Bb major,,Bach,Partita no 1 bwv825 Courante Bb major,
Gigue from Partita no 1 in Bb major,Bach,BWV825,1726,,harpsichord,,,SoloSuitePartita,,Gigue,,Germany,Bb major,,Bach,Partita no 1 bwv825 Gigue Bb major,
Minuet from Partita no 1 in Bb major,Bach,BWV825,1726,,harpsichord,,,SoloSuitePartita,,Minuet,,Germany,Bb major,,Bach,Partita no 1 bwv825 Minuet Bb major,
Prelude from Partita no 1 in Bb major,Bach,BWV825,1726,,harpsichord,,,SoloSuitePartita,,Prelude,,Germany,Bb major,,Bach,Partita no 1 bwv825 Prelude Bb major,
Sarabande from Partita no 1 in Bb major,Bach,BWV825,1726,,harpsichord,,,SoloSuitePartita,,Sarabande,,Germany,Bb major,,Bach,Partita no 1 bwv825 Sarabande Bb major,
Allemande from Partita no 2 in C minor,Bach,BWV826,1727,,harpsichord,,,SoloSuitePartita,,Allemande,,Germany,C minor,,Bach,Partita no 2 bwv826 Allemande C minor,
Cappricio from Partita no 2 in C minor,Bach,BWV826,1727,,harpsichord,,,SoloSuitePartita,,Cappricio,,Germany,C minor,,Bach,Partita no 2 bwv826 Capriccio C minor,
Courante from Partita no 2 in C minor,Bach,BWV826,1727,,harpsichord,,,SoloSuitePartita,,Courante,,Germany,C minor,,Bach,Partita no 2 bwv826 Courante C minor,
Prelude from Partita no 2 in C minor,Bach,BWV826,1727,,harpsichord,,,SoloSuitePartita,,Prelude,,Germany,C minor,,Bach,Partita no 2 bwv826 Prelude C minor,
Rondeau from Partita no 2 in C minor,Bach,BWV826,1727,,harpsichord,,,SoloSuitePartita,,OtherSpecified,Rondeau,Germany,C minor,,Bach,Partita no 2 bwv826 Rondeau C minor,
Sarabande from Partita no 2 in C minor,Bach,BWV826,1727,,harpsichord,,,SoloSuitePartita,,Sarabande,,Germany,C minor,,Bach,Partita no 2 bwv826 Sarabande C minor,
Allemande from Partita no 3 in A minor,Bach,BWV827,,1725-1727,harpsichord,,,SoloSuitePartita,,Allemande,,Germany,A minor,,Bach,Partita no 3 bwv827 Allemande A minor,
Burlesca from Partita no 3 in A minor,Bach,BWV827,,1725-1727,harpsichord,,,SoloSuitePartita,,OtherSpecified,Burlesca,Germany,A minor,,Bach,Partita no 3 bwv827 Bulesca A minor,
Courante from Partita no 3 in A minor,Bach,BWV827,,1725-1727,harpsichord,,,SoloSuitePartita,,Courante,,Germany,A minor,,Bach,Partita no 3 bwv827 Courante A minor,
Gigue from Partita no 3 in A minor,Bach,BWV827,,1725-1727,harpsichord,,,SoloSuitePartita,,Gigue,,Germany,A minor,,Bach,Partita no 3 bwv827 Gigue A minor,
Prelude from Partita no 3 in A minor,Bach,BWV827,,1725-1727,harpsichord,,,SoloSuitePartita,,Prelude,,Germany,A minor,,Bach,Partita no 3 bwv827 Prelude A minor,
Sarabande from Partita no 3 in A minor,Bach,BWV827,,1725-1727,harpsichord,,,SoloSuitePartita,,Sarabande,,Germany,A minor,,Bach,Partita no 3 bwv827 Sarabande A minor,
Scherzo from Partita no 3 in A minor,Bach,BWV827,,1725-1727,harpsichord,,,SoloSuitePartita,,OtherSpecified,Scherzo,Germany,A minor,,Bach,Partita no 3 bwv827 Scherzo A minor,
Allemande from Partita no 4 in D major,Bach,BWV828,1728,,harpsichord,,,SoloSuitePartita,,Allemande,,Germany,D major,,Bach,Partita no 4 bwv828 Allemande D major,
Aria from Partita no 4 in D major,Bach,BWV828,1728,,harpsichord,,,SoloSuitePartita,,Aria,,Germany,D major,,Bach,Partita no 4 bwv828 Aria D major,
Courante from Partita no 4 in D major,Bach,BWV828,1728,,harpsichord,,,SoloSuitePartita,,Courante,,Germany,D major,,Bach,Partita no 4 bwv828 Courante D major,
Gigue from Partita no 4 in D major,Bach,BWV828,1728,,harpsichord,,,SoloSuitePartita,,Gigue,,Germany,D major,,Bach,Partita no 4 bwv828 Gigue D major,
Minuet from Partita no 4 in D major,Bach,BWV828,1728,,harpsichord,,,SoloSuitePartita,,Minuet,,Germany,D major,,Bach,Partita no 4 bwv828 Minuet D major,
Prelude from Partita no 4 in D major,Bach,BWV828,1728,,harpsichord,,,SoloSuitePartita,,Prelude,,Germany,D major,,Bach,Partita no 4 bwv828 Prelude D major,
Sarabande from Partita no 4 in D major,Bach,BWV828,1728,,harpsichord,,,SoloSuitePartita,,Sarabande,,Germany,D major,,Bach,Partita no 4 bwv828 Sarabande D major,
Allemande from Partita no 5 in G minor,Bach,BWV829,1730,,harpsichord,,,SoloSuitePartita,,Allemande,,Germany,G major,,Bach,Partita no 5 bwv829 Allemande G major,
Courante from Partita no 5 in G minor,Bach,BWV829,1730,,harpsichord,,,SoloSuitePartita,,Courante,,Germany,G major,,Bach,Partita no 5 bwv829 Courante G major,
Passapied from Partita no 5 in G minor,Bach,BWV829,1730,,harpsichord,,,SoloSuitePartita,,Gigue,,Germany,G major,,Bach,Partita no 5 bwv829 Gigue G major,
Sarabande from Partita no 5 in G minor,Bach,BWV829,1730,,harpsichord,,,SoloSuitePartita,,Minuet,,Germany,G major,,Bach,Partita no 5 bwv829 Minuet G major,
Minuet from Partita no 5 in G minor,Bach,BWV829,1730,,harpsichord,,,SoloSuitePartita,,Passapied,,Germany,G major,,Bach,Partita no 5 bwv829 Passapied G major,
Prelude from Partita no 5 in G minor,Bach,BWV829,1730,,harpsichord,,,SoloSuitePartita,,Prelude,,Germany,G major,,Bach,Partita no 5 bwv829 Prelude G major,
Air from Partita no 6 in E minor,Bach,BWV830,,1725-1730,harpsichord,,,SoloSuitePartita,,Aria,,Germany,E minor,,Bach,Partita no 6 bwv830 Air E minor,
Allemande from Partita no 6 in E minor,Bach,BWV830,,1725-1730,harpsichord,,,SoloSuitePartita,,Allemande,,Germany,E minor,,Bach,Partita no 6 bwv830 Allemande E minor,
Courante from Partita no 6 in E minor,Bach,BWV830,,1725-1730,harpsichord,,,SoloSuitePartita,,Courante,,Germany,E minor,,Bach,Partita no 6 bwv830 Courante E minor,
Gavotte from Partita no 6 in E minor,Bach,BWV830,,1725-1730,harpsichord,,,SoloSuitePartita,,Gavotte,,Germany,E minor,,Bach,Partita no 6 bwv830 Gavotte E minor,
Gigue from Partita no 6 in E minor,Bach,BWV830,,1725-1730,harpsichord,,,SoloSuitePartita,,Gigue,,Germany,E minor,,Bach,Partita no 6 bwv830 Gigue E minor,
Prelude from Partita no 6 in E minor,Bach,BWV830,,1725-1730,harpsichord,,,SoloSuitePartita,,Prelude,,Germany,E minor,,Bach,Partita no 6 bwv830 Prelude E minor,
Sarabande from Partita no 6 in E minor,Bach,BWV830,,1725-1730,harpsichord,,,SoloSuitePartita,,Sarabande,,Germany,E minor,,Bach,Partita no 6 bwv830 Sarabande E minor,
Passacaglia in C minor,Bach,BWV582,,1708-1712,Organ,,,SoloDanceOneMovement,,ChaconnePassacaliaGround,,Germany,C minor,,Bach,Passacaglia BWV582 C minor,
Pastorale in F major,Bach,BWV590,1721,,Organ,,,SoloDanceOneMovement,,Pastorale,,Germany,F major,,Bach,Pastorale BWV590 F major,
Pedal Exercises,Bach,BWV598,1735,,Organ,,,Etude,,,,Germany,G minor,,Bach,Pedal exericises BWV598 G minor,
Section 1 from Piece d'Orgue,Bach,BWV572,1712,,Organ,,,Fantasy,,,,Germany,G major,,Bach,Piece d'orgue BWV 572 Section 1 G major,"Weird piece, form is unusual"
Section 2 and 3 from Piece d'Orgue,Bach,BWV572,1712,,Organ,,,Chorale,,,,Germany,G major,,Bach,Piece d'orgue BWV 572 Section 2and3 G major,
Fugue from Prelude and Fugetta in E minor,Bach,BWV900,1725,,harpsichord,,,PreludeAndFugue,,Fugue,,Germany,E minor,,Bach,Prelude and Fugetta BWV900 Fugue E minor,
Prelude from Prelude and Fugetta in E minor,Bach,BWV900,1725,,harpsichord,,,PreludeAndFugue,,Prelude,,Germany,E minor,,Bach,Prelude and Fugetta BWV900 Prelude E minor,
Fugue from Prelude and Fugetta in F major,Bach,BWV901,1730,,harpsichord,,,PreludeAndFugue,,Fugue,,Germany,F major,,Bach,Prelude and Fugetta BWV901 Fugue F major,
Prelude from Prelude and Fugetta in F major,Bach,BWV901,1730,,harpsichord,,,PreludeAndFugue,,Prelude,,Germany,F major,,Bach,Prelude and Fugetta BWV901 Prelude F major,
Fugue from Prelude and Fugetta in G major,Bach,BWV902,1730,,harpsichord,,,PreludeAndFugue,,Fugue,,Germany,G major,,Bach,Prelude and Fugetta BWV902 Fugue G major,
Prelude from Prelude and Fugetta in G major,Bach,BWV902,1730,,harpsichord,,,PreludeAndFugue,,Prelude,,Germany,G major,,Bach,Prelude and Fugetta BWV902 Prelude G major,
Fugue from Prelude and Fugetta in D minor,Bach,BWV899,1725,,harpsichord,,,PreludeAndFugue,,Fugue,,Germany,D minor,,Bach,prelude and fughetta bwv899 fugue D minor,
Prelude from Prelude and Fugetta in D minor,Bach,BWV899,1725,,harpsichord,,,PreludeAndFugue,,Prelude,,Germany,D minor,,Bach,prelude and fughetta bwv899 prelude D minor,
Fugue from Prelude and Fugue in G minor,Bach,BWV535,1708,,Organ,,,PreludeAndFugue,,Fugue,,Germany,G minor,,Bach,Prelude and Fugue BWV 535 Fugue G minor,
Prelude from Prelude and Fugue in G minor,Bach,BWV535,1708,,Organ,,,PreludeAndFugue,,Prelude,,Germany,G minor,,Bach,Prelude and Fugue BWV 535 Prelude G minor,
Prelude from Prelude and Fugue in B minor,Bach,BWV544,,1727-1731,Organ,,,PreludeAndFugue,,Prelude,,Germany,B minor,,Bach,Prelude and Fugue BWV 544 Prelude B minor,
Prelude from Prelude and Fugue in C major,Bach,BWV547,1725,,Organ,,,PreludeAndFugue,,Prelude,,Germany,C major,,Bach,Prelude and Fugue BWV 547 Prelude C major,
Fugue from Prelude and Fugue in C major,Bach,BWV547,1725,,Organ,,,PreludeAndFugue,,Fugue,,Germany,C major,,Bach,Prelude and Fugue BWV 547 Prelude C major,
Fugue from Prelude and Fugue in C minor,Bach,BWV549,,1703-1707,Organ,,,PreludeAndFugue,,Fugue,,Germany,C minor,,Bach,Prelude and Fugue BWV 549 Fugue C minor,
Prelude from Prelude and Fugue in C minor,Bach,BWV549,,1703-1707,Organ,,,PreludeAndFugue,,Prelude,,Germany,C minor,,Bach,Prelude and Fugue BWV 549 Prelude C minor,
Fugue from Prelude and Fugue in C major,Bach,BWV531,1705,,Organ,,,PreludeAndFugue,,Fugue,,Germany,C major,,Bach,Prelude and Fugue BWV531 Fugue C major,
Prelude from Prelude and Fugue in C major,Bach,BWV531,1705,,Organ,,,PreludeAndFugue,,Prelude,,Germany,C major,,Bach,Prelude and Fugue BWV531 Prelude C major,
Fugue from Prelude and Fugue in D major,Bach,BWV532,1710,,organ,,,PreludeAndFugue,,Fugue,,Germany,D major,,Bach,Prelude and Fugue BWV532 Fugue D major,
Prelude from Prelude and Fugue in D major,Bach,BWV532,1710,,Organ,,,PreludeAndFugue,,Prelude,,Germany,D major,,Bach,Prelude and Fugue BWV532 Prelude D major,
Fugue from Prelude and Fugue in E minor,Bach,BWV533,1705,,Organ,,,PreludeAndFugue,,Fugue,,Germany,E minor,,Bach,Prelude and Fugue BWV533 Fugue E minor,
Prelude from Prelude and Fugue in E minor,Bach,BWV533,1705,,Organ,,,PreludeAndFugue,,Prelude,,Germany,E minor,,Bach,Prelude and Fugue BWV533 Prelude E minor,
Fugue from Prelude and Fugue in F minor,Bach,BWV534,1710,,Organ,,,PreludeAndFugue,,Fugue,,Germany,F minor,,Bach,Prelude and Fugue bwv534 Fugue F minor,
Prelude from Prelude and Fugue in F minor,Bach,BWV534,1710,,Organ,,,PreludeAndFugue,,Prelude,,Germany,F minor,,Bach,Prelude and Fugue bwv534 Prelude F minor,
Fugue from Prelude and Fugue in A major,Bach,BWV536,,1708-1717,Organ,,,PreludeAndFugue,,Fugue,,Germany,A major,,Bach,Prelude and Fugue BWV536 Fugue A major,
Prelude from Prelude and Fugue in A major,Bach,BWV536,,1708-1717,Organ,,,PreludeAndFugue,,Prelude,,Germany,A major,,Bach,Prelude and Fugue BWV536 Prelude A major,
Fugue from Prelude and Fugue in G major,Bach,BWV541,,1712-1725,Organ,,,PreludeAndFugue,,Fugue,,Germany,G major,,Bach,Prelude and Fugue BWV541 Fugue G major,
Prelude from Prelude and Fugue in G major,Bach,BWV541,,1712-1725,Organ,,,PreludeAndFugue,,Prelude,,Germany,G major,,Bach,Prelude and Fugue BWV541 Prelude G major,
Fugue from Prelude and Fugue in A minor,Bach,BWV543,1715,,organ,,,PreludeAndFugue,,Fugue,,Germany,A minor,,Bach,Prelude and Fugue BWV543 Fugue A minor,
Prelude from Prelude and Fugue in A minor,Bach,BWV543,1715,,Organ,,,PreludeAndFugue,,Prelude,,Germany,A minor,,Bach,Prelude and Fugue BWV543 Prelude A minor,
Fugue from Prelude and Fugue in B minor,Bach,BWV544,,1727-1731,Organ,,,PreludeAndFugue,,Fugue,,Germany,B minor,,Bach,Prelude and Fugue BWV544 Fugue B minor,
Fugue from Prelude and Fugue in C major,Bach,BWV545,,1708,Organ,,,PreludeAndFugue,,Fugue,,Germany,C major,,Bach,Prelude and Fugue bwv545 Fugue C major,
Prelude from Prelude and Fugue in C major,Bach,BWV545,,1708,Organ,,,PreludeAndFugue,,Prelude,,Germany,C major,,Bach,Prelude and Fugue bwv545 Prelude C major,
Fugue from Prelude and Fugue in E minor,Bach,BWV548,,1727-1731,Organ,,,PreludeAndFugue,,Fugue,,Germany,E minor,,Bach,Prelude and Fugue bwv548 Fugue E minor,
Prelude from Prelude and Fugue in E minor,Bach,BWV548,,1727-1731,Organ,,,PreludeAndFugue,,Prelude,,Germany,E minor,,Bach,Prelude and Fugue bwv548 Prelude E minor,
Fugue from Prelude and Fugue in G major,Bach,BWV550,1710,,Organ,,,PreludeAndFugue,,Fugue,,Germany,G major,,Bach,Prelude and Fugue BWV550 Fugue G major,
Fugue from St. Anne Prelude and Fugue,Bach,BWV552,1739,,Organ,,,PreludeAndFugue,,Fugue,,Germany,Eb major,,Bach,Prelude and Fugue bwv552 Fugue Eb major,
Prelude from St. Anne Prelude and Fugue,Bach,BWV552,1739,,Organ,,,PreludeAndFugue,,Prelude,,Germany,Eb major,,Bach,Prelude and Fugue bwv552 Prelude Eb major,
Fugue from Prelude and Fugue in A minor,Bach,BWV894,,1715-1725,harpsichord,,,PreludeAndFugue,,Fugue,,Germany,A minor,,Bach,Prelude and Fugue bwv894 Fugue A minor,
Prelude from Prelude and Fugue in A minor,Bach,BWV894,,1715-1725,harpsichord,,,PreludeAndFugue,,Prelude,,Germany,A minor,,Bach,Prelude and Fugue bwv894 Prelude A minor,
Fugue from Prelude and Fugue in A minor,Bach,BWV895,1709,,harpsichord,,,PreludeAndFugue,,Fugue,,Germany,A minor,,Bach,Prelude and Fugue bwv895 Fugue A minor,
Prelude from Prelude and Fugue in A minor,Bach,BWV895,1709,,harpsichord,,,PreludeAndFugue,,Prelude,,Germany,A minor,,Bach,Prelude and Fugue bwv895 Prelude A minor,
Allemande from Suite on the Fifth Tone,Bach,BWV833,,1708-1714,harpsichord,,,SoloSuitePartita,,Allemande,,Germany,F major,,Bach,Prelude and Suite on the 5th tone BWV833 Allemande F major,Uncertain authorship
Courante from Suite on the Fifth Tone,Bach,BWV833,,1708-1714,harpsichord,,,SoloSuitePartita,,Courante,,Germany,F major,,Bach,Prelude and Suite on the 5th tone BWV833 Courante F major,Uncertain authorship
Prelude from Suite on the Fifth Tone,Bach,BWV833,,1708-1714,harpsichord,,,SoloSuitePartita,,Prelude,,Germany,F major,,Bach,Prelude and Suite on the 5th tone BWV833 Prelude F major,Uncertain authorship
Sarabande Double from Suite on the Fifth Tone,Bach,BWV833,,1708-1714,harpsichord,,,SoloSuitePartita,,Sarabande,,Germany,F major,,Bach,Prelude and Suite on the 5th tone BWV833 Sarabande Double F major,Uncertain authorship
Sarabande from Suite on the Fifth Tone,Bach,BWV833,,1708-1714,harpsichord,,,SoloSuitePartita,,Sarabande,,Germany,F major,,Bach,Prelude and Suite on the 5th tone BWV833 Sarabande F major,Uncertain authorship
Prelude in G major,Bach,BWV568,1705,,Organ,,,Prelude,,,,Germany,G major,,Bach,Prelude BWV 568 G major,
Prelude in C minor,Bach,BWV922,,1710-1714,harpsichord,,,Prelude,,,,Germany,C minor,,Bach,Prelude BWV922 C minor,
"Prelude in E minor, incomplete",Bach,BWV932,1720,,harpsichord,,,Prelude,,,,Germany,E minor,,Bach,Prelude BWV932 E minor,"incomplete, possibly by W.F. Bach"
Puer natus in Bethlehem,Bach,BWV65,1724,,SATB,,,Chorale,,,,Germany,A minor,,Bach,Puer natus in Bethlehem BWV 65 A minor,second movement from cantata BWV 65
"Sanctus, sanctus Dominus Deus Sabaoth",Bach,BWV 325,,1700-1750,SATB,,,Chorale,,,,Germany,F major,,Bach,Sanctus sanctus Dominus Deus Sabaoth BWV 325 F major,
"Schaut, ihr Sunder",Bach,BWV408,,1700-1750,SATB,,,Chorale,,,,Germany,G minor,,Bach,Schaut ihr Sunder BWV 408 G minor,
Scherzo in D minor,Bach,BWV844,,1720-1730,harpsichord,,,SoloScherzoOneMovement,,,,Germany,D minor,,Bach,Scherzo bwv844 D minor,Probably by Wilhelm Friedeman Bach
"Schmucke dich, o liebe Seele",Bach,BWV180,,1700-1750,SATB,,,Chorale,,,,Germany,Eb major,,Bach,Schmucke dich o liebe Seele BWV 180 Eb major,seventh movement from cantata BWV 180
Wachet auf ruft uns die Stimme from Schubler Chorales,Bach,BWV645,,1748-1749,Organ,,,Prelude,,ChoralePrelude,,Germany,Eb major,,Bach,Schubler Chorales BWV645 Wachet auf ruft uns die Stimme Eb major,
Wo soll ich fliehen hin_from Schubler Chorales,Bach,BWV646,,1748-1749,Organ,,,Prelude,,ChoralePrelude,,Germany,E minor,,Bach,Schubler Chorales BWV646 Wo soll ich fliehen hin_E minor,
Wer nur den lieben Gott l_sst walten_from Schubler Chorales,Bach,BWV647,,1748-1749,Organ,,,Prelude,,ChoralePrelude,,Germany,C minor,,Bach,Schubler Chorales BWV647 Wer nur den lieben Gott l_sst walten C minor,
Meine Seele erhebet den Herren from Schubler Chorales,Bach,BWV648,,1748-1749,Organ,,,Prelude,,ChoralePrelude,,Germany,D minor,,Bach,Schubler Chorales BWV648 Meine Seele erhebet den Herren D minor,
Ach bleib bei uns Herr Jesu Christ from Schubler Chorales,Bach,BWV649,,1748-1749,Organ,,,Prelude,,ChoralePrelude,,Germany,Bb major,,Bach,Schubler Chorales BWV649 Ach bleib bei uns Herr Jesu Christ Bb major,
Kommst du nun Jesu vom Himmelherunter from Schubler Chorales,Bach,BWV650,,1748-1749,Organ,,,Prelude,,ChoralePrelude,,Germany,G major,,Bach,Schubler Chorales BWV650 Kommst du nun Jesu vom Himmelherunter G major,
Schwing dich auf zu deinem Gott,Bach,BWV40,1723,,SATB,,,Chorale,,,,Germany,D minor,,Bach,Schwing dich auf zu deinem Gott BWV 40 D minor,sixth movement from cantata BWV 40
Seelenbrautigam,Bach,BWV409,,1700-1750,SATB,,,Chorale,,,,Germany,A major,,Bach,Seelenbrautigam BWV 409 A major,
"Sei gegrusset, Jesu gutig",Bach,BWV410,,1700-1750,SATB,,,Chorale,,,,Germany,G minor,,Bach,Sei gegrusset Jesu gutig BWV 410 G minor,
Sei Lob und Ehr dem hochsten Gut,Bach,BWV117,,1728-1731,SATB,,,Chorale,,,,Germany,G major,,Bach,Sei Lob und Ehr dem hochsten Gut BWV 117 4 G major,fourth movement from cantata BWV 117
Sei Lob und Ehr dem hochsten Gut,Bach,BWV117,,1728-1731,SATB,,,Chorale,,,,Germany,G major,,Bach,Sei Lob und Ehr dem hochsten Gut BWV 117 G major,fourth movement from cantata BWV 117
Sei Lob und Ehr dem hochsten Gut,Bach,BWV251,,1700-1750,SATB,,,Chorale,,,,Germany,G major,,Bach,Sei Lob und Ehr dem hochsten Gut BWV 251 G major,
Singen wir aus Herzensgrund,Bach,BWV187,1726,,SATB,,,Chorale,,,,Germany,G minor,,Bach,Singen wir aus Herzensgrund BWV 187 G minor,seventh movement from cantata BWV 187
Singt dem Herrn ein neues Lied,Bach,BWV411,,1700-1750,SATB,,,Chorale,,,,Germany,G major,,Bach,Singt dem Herrn ein neues Lied BWV 411 G major,
"So gibst du nun, mein Jesu, gute Nacht",Bach,BWV412,,1700-1750,SATB,,,Chorale,,,,Germany,G minor,,Bach,So gibst du nun mein Jesu gute Nacht BWV 412 G minor,
Sollt ich meinem Gott nicht singen,Bach,BWV413,,1700-1750,SATB,,,Chorale,,,,Germany,D minor,,Bach,Sollt ich meinem Gott nicht singen BWV 413 D minor,
"Sonata in A minor, it's only 1 mvmt",Bach,BWV967,1705,,harpsichord,,,SoloSonata,,,,Germany,A minor,,Bach,Sonata BWV 967 A minor,
First mvmnt Sonata in D major,Bach,BWV963,1704,,harpsichord,,,SoloSonata,,FirstMovement,,Germany,D major,E minor,Bach,Sonata BWV963 I D major,
Second movement Sonata in D major,Bach,BWV963,1704,,harpsichord,,,SoloSonata,,Fugue,,Germany,B minor,G major,Bach,Sonata BWV963 II Fugue B minor,
"Third Movement, Sonata in D major",Bach,BWV963,1704,,harpsichord,,,SoloSonata,,Fugue,,Germany,D major,,Bach,Sonata BWV963 III Fugue D major,
First movement Sonata in A minor,Bach,BWV965,1705,,harpsichord,,,SoloSonata,,FirstMovement,,Germany,A minor,,Bach,Sonata BWV965 I A minor,
Fugue from Sonata in A minor,Bach,BWV965,1705,,harpsichord,,,SoloSonata,,Fugue,,Germany,A minor,,Bach,Sonata BWV965 II fugue A minor,
Adagio from Sonata in A minor,Bach,BWV965,1705,,harpsichord,,,SoloSonata,,SlowMovement,,Germany,A minor,,Bach,Sonata BWV965 III Adagio A minor,
Allemande from Sonata in A minor,Bach,BWV965,1705,,harpsichord,,,SoloSonata,,Allemande,,Germany,A minor,,Bach,Sonata BWV965 IV Allemande A minor,
Courante from Sonata in A minor,Bach,BWV965,1705,,harpsichord,,,SoloSonata,,Courante,,Germany,A minor,,Bach,Sonata BWV965 V Courante A minor,
Sarabande from Sonata in A minor,Bach,BWV965,1705,,harpsichord,,,SoloSonata,,Sarabande,,Germany,A minor,,Bach,Sonata BWV965 VI Sarabande A minor,
Gigue from Sonata in A minor,Bach,BWV965,1705,,harpsichord,,,SoloSonata,,Gigue,,Germany,A minor,,Bach,Sonata BWV965 VII Gigue A minor,
Fugue from Sonata in C major,Bach,BWV966,1705,,harpsichord,,,SoloSonata,,Fugue,,Germany,C major,,Bach,Sonata BWV966 II Fugue C major,
Adagio from Sonata in C major,Bach,BWV966,1705,,harpsichord,,,SoloSonata,,SlowMovement,,Germany,C major,,Bach,Sonata BWV966 III Adagio C major,
Allemande from Sonata in C major,Bach,BWV966,1705,,harpsichord,,,SoloSonata,,Allemande,,Germany,C major,,Bach,Sonata BWV966 IV Allemande C major,
Prelude from Sonata in C major,Bach,BWV966,1705,,harpsichord,,,SoloSonata,,Prelude,,Germany,C major,,Bach,Sonata BWV966 Prelude C major,
Straf mich nicht in deinem Zorn,Bach,BWV115,1724,,SATB,,,Chorale,,,,Germany,Eb major,,Bach,Straf mich nicht in deinem Zorn BWV 115 Eb major,last movement from cantata BWV 115
Allemande from Suite in A minor,Bach,BWV818,,1720-1722,harpsichord,,,SoloSuitePartita,,Allemande,,Germany,A minor,,Bach,Suite BWV 818 Allemande A minor,
Courante from Suite in A minor,Bach,BWV818,,1720-1722,harpsichord,,,SoloSuitePartita,,Courante,,Germany,A minor,,Bach,Suite BWV 818 Courante A minor,
Gigue from Suite in A minor,Bach,BWV818,,1720-1722,harpsichord,,,SoloSuitePartita,,Gigue,,Germany,A minor,,Bach,Suite BWV 818 Gigue A minor,
Sarabande from Suite in A minor,Bach,BWV818,,1720-1722,harpsichord,,,SoloSuitePartita,,Sarabande,,Germany,A minor,,Bach,Suite BWV 818 Sarabande A minor,
Sarabande Double from Suite in A minor,Bach,BWV818,,1720-1722,harpsichord,,,SoloSuitePartita,,Sarabande,,Germany,A minor,,Bach,Suite BWV 818 Sarabande Double A minor,
Allemande from Suite in Eb major,Bach,BWV819,1725,,harpsichord,,,SoloSuitePartita,,Allemande,,Germany,Eb major,,Bach,Suite BWV 819 Allemande Eb major,
Bourree from Suite in Eb major,Bach,BWV819,1725,,harpsichord,,,SoloSuitePartita,,Bouree,,Germany,Eb major,,Bach,Suite BWV 819 Bourree Eb major,
Courante from Suite in Eb major,Bach,BWV819,1725,,harpsichord,,,SoloSuitePartita,,Courante,,Germany,Eb major,,Bach,Suite BWV 819 Courante Eb major,
Minuet da Capo from Suite in Eb major,Bach,BWV819,1725,,harpsichord,,,SoloSuitePartita,,Minuet,,Germany,Eb major,,Bach,Suite BWV 819 Minuet Da Capo Eb major,
Minuet I from Suite in Eb major,Bach,BWV819,1725,,harpsichord,,,SoloSuitePartita,,Minuet,,Germany,Eb major,,Bach,Suite BWV 819 Minuet I Eb major,
Minuet II Trio from Suite in Eb major,Bach,BWV819,1725,,harpsichord,,,SoloSuitePartita,,Minuet,,Germany,Eb minor,,Bach,Suite BWV 819 Minuet Trio Eb minor,
Sarabande from Suite in Eb major,Bach,BWV819,1725,,harpsichord,,,SoloSuitePartita,,Sarabande,,Germany,Eb major,,Bach,Suite BWV 819 Sarabande Eb major,
Allemande Alternate from Suite in Eb major,Bach,BWV819a,,1725-1728,harpsichord,,,SoloSuitePartita,,Allemande,,Germany,Eb major,,Bach,Suite BWV 819a Allemande Alternate Eb major,
Allemande from Suite in F minor,Bach,BWV823,1715,,harpsichord,,,SoloSuitePartita,,Allemande,,Germany,F minor,,Bach,Suite BWV823 Allemande F minor,
Gigue from Suite in F minor,Bach,BWV823,1715,,harpsichord,,,SoloSuitePartita,,Gigue,,Germany,F minor,,Bach,Suite BWV823 Gigue F minor,
Sarabande from Suite in F minor,Bach,BWV823,1715,,harpsichord,,,SoloSuitePartita,,Sarabande,,Germany,F minor,,Bach,Suite BWV823 Sarabande F minor,
Allemande from Suire in A major,Bach,BWV832,1708,,harpsichord,,,SoloSuitePartita,,Allemande,,Germany,A major,,Bach,Suite BWV832 Allemande A major,
Bourree from Suire in A major,Bach,BWV832,1708,,harpsichord,,,SoloSuitePartita,,Bouree,,Germany,A major,,Bach,Suite BWV832 Bourree A major,
Gigue from Suire in A major,Bach,BWV832,1708,,harpsichord,,,SoloSuitePartita,,Gigue,,Germany,A major,,Bach,Suite BWV832 Gigue A major,
Sarabande from Suire in A major,Bach,BWV832,1708,,harpsichord,,,SoloSuitePartita,,Sarabande,,Germany,A major,,Bach,Suite BWV832 Sarabande A major,
Three part invention no 1,Bach,BWV787,,1720-1723,harpsichord,,,Prelude,,ThreePartInvention,,Germany,C major,,Bach,Three part invention no 1 BWV787 C major,
Three part invention no 10,Bach,BWV796,,1720-1723,harpsichord,,,Prelude,,ThreePartInvention,,Germany,G major,,Bach,Three part invention no 10 BWV796 G major,
Three part invention no 11,Bach,BWV797,,1720-1723,harpsichord,,,Prelude,,ThreePartInvention,,Germany,G minor,,Bach,Three part invention no 11 BWV797 G minor,
Three part invention no 12,Bach,BWV798,,1720-1723,harpsichord,,,Prelude,,ThreePartInvention,,Germany,A major,,Bach,Three part invention no 12 BWV798 A major,
Three part invention no 13,Bach,BWV799,,1720-1723,harpsichord,,,Prelude,,ThreePartInvention,,Germany,A minor,,Bach,Three part invention no 13 BWV799 A minor,
Three part invention no 14,Bach,BWV800,,1720-1723,harpsichord,,,Prelude,,ThreePartInvention,,Germany,Bb major,,Bach,Three part invention no 14 BWV800 Bb major,
Three part invention no 15,Bach,BWV801,,1720-1723,harpsichord,,,Prelude,,ThreePartInvention,,Germany,B minor,,Bach,Three part invention no 15 BWV801 B minor,
Three part invention no 2,Bach,BWV788,,1720-1723,harpsichord,,,Prelude,,ThreePartInvention,,Germany,C minor,,Bach,Three part invention no 2 BWV788 C minor,
Three part invention no 3,Bach,BWV789,,1720-1723,harpsichord,,,Prelude,,ThreePartInvention,,Germany,D major,,Bach,Three part invention no 3 BWV789 D major,
Three part invention no 4,Bach,BWV790,,1720-1723,harpsichord,,,Prelude,,ThreePartInvention,,Germany,D minor,,Bach,Three part invention no 4 BWV790 D minor,
Three part invention no 5,Bach,BWV791,,1720-1723,harpsichord,,,Prelude,,ThreePartInvention,,Germany,Eb major,,Bach,Three part invention no 5 BWV791 Eb major,
Three part invention no 6,Bach,BWV792,,1720-1723,harpsichord,,,Prelude,,ThreePartInvention,,Germany,E major,,Bach,Three part invention no 6 BWV792 E major,
Three part invention no 7,Bach,BWV793,,1720-1723,harpsichord,,,Prelude,,ThreePartInvention,,Germany,E minor,,Bach,Three part invention no 7 BWV793 E minor,
Three part invention no 8,Bach,BWV794,,1720-1723,harpsichord,,,Prelude,,ThreePartInvention,,Germany,F major,,Bach,Three part invention no 8 BWV794 F major,
Three part invention no 9,Bach,BWV795,,1720-1723,harpsichord,,,Prelude,,ThreePartInvention,,Germany,F minor,,Bach,Three part invention no 9 BWV795 F minor,
"Adagio from Tocatta, Adagio and Fugue in C major",Bach,BWV564,1707,,Organ,,,ToccataAndFugue,,OtherSpecified,Adagio,Germany,A minor,,Bach,Tocatta Adagio and Fugue bwv564 Adagio A minor,
"Fugue from Tocatta, Adagio and Fugue in C major",Bach,BWV564,1707,,Organ,,,ToccataAndFugue,,Fugue,,Germany,C major,,Bach,Tocatta Adagio and Fugue bwv564 Fugue C major,
"Toccata from Tocatta, Adagio and Fugue in C major",Bach,BWV564,1707,,Organ,,,ToccataAndFugue,,Toccata,,Germany,C major,,Bach,Tocatta Adagio and Fugue bwv564 Tocatta C major,
Fugue from Toccata and Fugue in D minor,Bach,BWV565,1708,,Organ,,,ToccataAndFugue,,Fugue,,Germany,D minor,,Bach,Tocatta and Fugue BWV 565 Fugue D minor,
Toccata from Toccata and Fugue in D minor,Bach,BWV565,1708,,organ,,,ToccataAndFugue,,Toccata,,Germany,D minor,,Bach,Tocatta and Fugue BWV 565 Tocatta D minor,
Fugue from Dorian Toccata and Fugue in D minor,Bach,BWV538,,1712-1717,Organ,,,PreludeAndFugue,,Fugue,,Germany,D minor,,Bach,Tocatta and Fugue bwv538 Fugue D minor,
Toccata from Toccata and Fugue in F major,Bach,BWV540,,1713-1731,Organ,,,ToccataAndFugue,,Toccata,,Germany,F major,,Bach,Tocatta and Fugue BWV540 Tocatta F major,
Toccata from Dorian Toccata and Fugue in D minor,Bach,BWV538,,1712-1717,organ,,,ToccataAndFugue,,Toccata,,Germany,D minor,,Bach,Toccata and Fugue bwv538 Toccata D minor,
Fugue from Toccata and Fugue in E major,Bach,BWV566,1708,,Organ,,,ToccataAndFugue,,Fugue,,Germany,E major,,Bach,Toccata and Fugue bwv566 Fugue E major,
Toccata from Toccata and Fugue in E major,Bach,BWV566,1708,,Organ,,,ToccataAndFugue,,Toccata,,Germany,E major,,Bach,Toccata and Fugue bwv566 Toccata E major,
Toccata in F# minor,Bach,BWV910,1712,,harpsichord,,,Toccata,,,,Germany,F# minor,,Bach,Toccata BWV910 F# minor,
Toccata in C minor,Bach,BWV911,1712,,harpsichord,,,Toccata,,,,Germany,C minor,,Bach,Toccata BWV911 C minor,
Toccata in D major,Bach,BWV912,1710,,harpsichord,,,Toccata,,,,Germany,D major,,Bach,Toccata BWV912 D major,
Toccata in D minor,Bach,BWV913,1710,,harpsichord,,,Toccata,,,,Germany,D minor,,Bach,Toccata BWV913 D minor,
Toccata in E minor,Bach,BWV914,1708,,harpsichord,,,Toccata,,,,Germany,E minor,,Bach,Toccata BWV914 E minor,
"Allegro,Adagio from Toccata in G minor",Bach,BWV915,1710,,harpsichord,,,ToccataAndFugue,,Toccata,,Germany,G minor,,Bach,Toccata BWV915 Allegro G minor,
Fugue from Toccata in G minor,Bach,BWV915,1710,,harpsichord,,,ToccataAndFugue,,Fugue,,Germany,G minor,,Bach,Toccata BWV915 Fugue G minor,
Toccata in G major,Bach,BWV916,1714,,harpsichord,,,Toccata,,,,Germany,G major,,Bach,Toccata BWV916 G major,
Trio super Herr Jesu Christ dich zu uns wend,Bach,BWV655,1723,,Organ,,,Prelude,,ChoralePrelude,,Germany,G major,,Bach,Trio super Herr Jesu Christ dich zu uns wend BWV655 G major,
Two-part invention no 1,Bach,BWV772,,1720-1723,harpsichord,,,Prelude,,TwoPartInvention,,Germany,C major,,Bach,Two-part invention no 1 BWV772 C major,
Two-part invention no 10,Bach,BWV781,,1720-1723,harpsichord,,,Prelude,,TwoPartInvention,,Germany,G major,,Bach,Two-part invention no 10 BWV781 G major,
Two-part invention no 11,Bach,BWV782,,1720-1723,harpsichord,,,Prelude,,TwoPartInvention,,Germany,G minor,,Bach,Two-part invention no 11 BWV782 G minor,
Two-part invention no 12,Bach,BWV783,,1720-1723,harpsichord,,,Prelude,,TwoPartInvention,,Germany,A major,,Bach,Two-part invention no 12 BWV783 A major,
Two-part invention no 13,Bach,BWV784,,1720-1723,harpsichord,,,Prelude,,TwoPartInvention,,Germany,A minor,,Bach,Two-part invention no 13 BWV784 A minor,
Two-part invention no 14,Bach,BWV785,,1720-1723,harpsichord,,,Prelude,,TwoPartInvention,,Germany,Bb major,,Bach,Two-part invention no 14 BWV785 Bb major,
Two-part invention no 15,Bach,BWV786,,1720-1723,harpsichord,,,Prelude,,TwoPartInvention,,Germany,B minor,,Bach,Two-part invention no 15 BWV786 B minor,
Two-part invention no 2,Bach,BWV773,,1720-1723,harpsichord,,,Prelude,,TwoPartInvention,,Germany,C minor,,Bach,Two-part invention no 2 BWV773 C minor,
Two-part invention no 3,Bach,BWV774,,1720-1723,harpsichord,,,Prelude,,TwoPartInvention,,Germany,D major,,Bach,Two-part invention no 3 BWV774 D major,
Two-part invention no 4,Bach,BWV775,,1720-1723,harpsichord,,,Prelude,,TwoPartInvention,,Germany,D minor,,Bach,Two-part invention no 4 BWV775 D minor,
Two-part invention no 5,Bach,BWV776,,1720-1723,harpsichord,,,Prelude,,TwoPartInvention,,Germany,Eb major,,Bach,Two-part invention no 5 BWV776 Eb major,
Two-part invention no 6,Bach,BWV777,,1720-1723,harpsichord,,,Prelude,,TwoPartInvention,,Germany,E major,,Bach,Two-part invention no 6 BWV777 E major,
Two-part invention no 7,Bach,BWV778,,1720-1723,harpsichord,,,Prelude,,TwoPartInvention,,Germany,E minor,,Bach,Two-part invention no 7 BWV778 E minor,
Two-part invention no 8,Bach,BWV779,,1720-1723,harpsichord,,,Prelude,,TwoPartInvention,,Germany,F major,,Bach,Two-part invention no 8 BWV779 F major,
Two-part invention no 9,Bach,BWV780,,1720-1723,harpsichord,,,Prelude,,TwoPartInvention,,Germany,F minor,,Bach,Two-part invention no 9 BWV780 F minor,
Uns ist ein Kindlein heut geborn,Bach,BWV414,,1700-1750,SATB,,,Chorale,,,,Germany,G major,,Bach,Uns ist ein Kindlein heut geborn BWV 414 G major,
Valet will ich dir geben,Bach,BWV245,,1724-1749,SATB,,,Chorale,,,,Germany,Eb major,,Bach,Valet will ich dir geben BWV 245 Eb major,twenty-sixth movement from passion BWV 245
Valet will ich dir geben,Bach,BWV415,,1700-1750,SATB,,,Chorale,,,,Germany,D major,,Bach,Valet will ich dir geben BWV 415 D major,
Vater unser im Himmelreich,Bach,BWV102,1726,,SATB,,,Chorale,,,,Germany,C minor,,Bach,Vater unser im Himmelreich BWV 102 C minor,seventh movement from cantata BWV 102
Vater unser im Himmelreich,Bach,BWV416,,1724-1749,SATB,,,Chorale,,,,Germany,D minor,,Bach,Vater unser im Himmelreich BWV 416 D minor,
Vater unser im Himmelreich,Bach,BWV90,1723,,SATB,,,Chorale,,,,Germany,D minor,,Bach,Vater unser im Himmelreich BWV 90 D minor,fifth movement from cantata BWV 90
Verleih uns Frieden gnadiglich,Bach,BWV126,1725,,SATB,,,Chorale,,,,Germany,G minor,,Bach,Verleih uns Frieden gnadiglich BWV 126 G minor,sixth movement from cantata BWV 126
Verleih uns Frieden gnadiglich,Bach,BWV42,1725,,SATB,,,Chorale,,,,Germany,F# minor,,Bach,Verleih uns Frieden gnadiglich BWV 42 7 F# minor,seventh movement from cantata BWV 42
Verleih uns Frieden gnadiglich,Bach,BWV42,1725,,SATB,,,Chorale,,,,Germany,F# minor,,Bach,Verleih uns Frieden gnadiglich BWV 42 F# minor,seventh movement from cantata BWV 42
"Vom Himmel hoch, da komm ich her",Bach,BWV248,,1734-1735,SATB,,,Chorale,,,,Germany,D major,,Bach,Vom Himmel hoch da komm ich her BWV 248 D major,only vocal excerpts from the ninth movement of cantata BWV 248
"Vom Himmel hoch, da komm ich her",Bach,BWV248,1734,,SATB,,,Chorale,,,,Germany,G major,,Bach,Vom Himmel hoch da komm ich her BWV 248 G major,twenty-third movement from oratorio BWV 248
Von Gott will ich nicht lassen,Bach,BWV417,,1700-1750,SATB,,,Chorale,,,,Germany,B minor,,Bach,Von Gott will ich nicht lassen BWV 417 B minor,
Von Gott will ich nicht lassen,Bach,BWV418,,1700-1750,SATB,,,Chorale,,,,Germany,A minor,,Bach,Von Gott will ich nicht lassen BWV 418 A minor,
Von Gott will ich nicht lassen,Bach,BWV419,,1700-1750,SATB,,,Chorale,,,,Germany,A minor,,Bach,Von Gott will ich nicht lassen BWV 419 A minor,
Von Gott will ich nicht lassen,Bach,BWV73,,1724-1739,SATB,,,Chorale,,,,Germany,A minor,,Bach,Von Gott will ich nicht lassen BWV 73 A minor,fifth movement from cantata BWV 73
"Wach auf, mein Herz",Bach,BWV194,1723,,SATB,,,Chorale,,,,Germany,Bb major,,Bach,Wach auf mein Herz BWV 194 Bb major,twelfth movement from cantata BWV 194
"Wachet auf, ruft uns die Stimme",Bach,BWV140,1731,,SATB,,,Chorale,,,,Germany,Eb major,,Bach,Wachet auf ruft uns die Stimme BWV 140 Eb major,seventh movement from cantata BWV 140
War Gott nicht mit uns diese Zeit,Bach,BWV14,1735,,SATB,,,Chorale,,,,Germany,G minor,,Bach,War Gott nicht mit uns diese Zeit BWV 14 G minor,fifth movement from cantata BWV 14
War Gott nicht mit uns diese Zeit,Bach,BWV257,,1700-1750,SATB,,,Chorale,,,,Germany,A minor,,Bach,War Gott nicht mit uns diese Zeit BWV 257 A minor,
Warum betrubst du dich,Bach,BWV47,1726,,SATB,,,Chorale,,,,Germany,G minor,,Bach,Warum betrubst du dich BWV 47 G minor,fifth movement from cantata BWV 47
"Warum betrubst du dich, mein Herz",Bach,BWV420,,1700-1750,SATB,,,Chorale,,,,Germany,A minor,,Bach,Warum betrubst du dich mein Herz BWV 420 A minor,
"Warum betrubst du dich, mein Herz",Bach,BWV421,,1700-1750,SATB,,,Chorale,,,,Germany,A minor,,Bach,Warum betrubst du dich mein Herz BWV 421,
Warum sollt ich mich denn gramen,Bach,BWV248,1734,,SATB,,,Chorale,,,,Germany,G major,,Bach,Warum sollt ich mich denn gramen BWV 248 G major,thirty-third movement from oratorio BWV 248
Warum sollt ich mich denn gramen,Bach,BWV422,,1700-1750,SATB,,,Chorale,,,,Germany,C major,G major,Bach,Warum sollt ich mich denn gramen BWV 422 C major,
"Was betrubst du dich, mein Herze",Bach,BWV423,,1700-1750,SATB,,,Chorale,,,,Germany,G minor,,Bach,Was betrubst du dich mein Herze BWV 423 G minor,
"Was bist du doch, o Seele, so betrubet",Bach,BWV424,,1700-1750,SATB,,,Chorale,,,,Germany,A minor,,Bach,Was bist du doch o Seele so betrubet BWV 424 A minor,
Was frag ich nach der Welt,Bach,BWV64,1723,,SATB,,,Chorale,,,,Germany,D major,,Bach,Was frag ich nach der Welt BWV 64 4 D major,fourth movement from cantata BWV 64
Was frag ich nach der Welt,Bach,BWV64,1723,,SATB,,,Chorale,,,,Germany,D major,,Bach,Was frag ich nach der Welt BWV 64 D major,fourth movement from cantata BWV 64
"Was Gott tut, das ist wohlgetan",Bach,BWV12,1714,,SATB,,,Chorale,,,,Germany,G major,,Bach,Was Gott tut das ist wohlgetan BWV 12 G major,seventh movement from cantata BWV 12
"Was Gott tut, das ist wohlgetan",Bach,BWV144,,1700-1750,SATB,,,Chorale,,,,Germany,G major,,Bach,Was Gott tut das ist wohlgetan BWV 144 G major,third movement from cantata BWV 144
"Was Gott tut, das ist wohlgetan",Bach,BWV250,,1700-1750,SATB,,,Chorale,,,,Germany,G major,,Bach,Was Gott tut das ist wohlgetan BWV 250 G major,
"Was mein Gott will, das gescheh allzeit",Bach,BWV103,1725,,SATB,,,Chorale,,,,Germany,B minor,,Bach,Was mein Gott will das gescheh allzeit BWV 103 B minor,sixth movement from cantata BWV 103
"Was mein Gott will, das gescheh allzeit",Bach,BWV244,,1736-1742,SATB,,,Chorale,,,,Germany,B minor,,Bach,Was mein Gott will das gescheh allzeit BWV 244 B minor,twenty-fifth movement from passion BWV 244
"Was mein Gott will, das gescheh allzeit",Bach,BWV65,1724,,SATB,,,Chorale,,,,Germany,A minor,,Bach,Was mein Gott will das gescheh allzeit BWV 65 A minor,last movement from cantata BWV 65
"Was mein Gott will, das geschen allzeit",Bach,BWV144,1724,,SATB,,,Chorale,,,,Germany,B minor,,Bach,Was mein Gott will das geschen allzeit BWV 144 B minor,sixth movement from cantata BWV 144
"Was willst du dich, o meine Seele",Bach,BWV425,,1700-1750,SATB,,,Chorale,,,,Germany,D minor,,Bach,Was willst du dich o meine Seele BWV 425 D minor,
"Weg, mein Herz, mit den Gedanken",Bach,BWV19,1726,,SATB,,,Chorale,,,,Germany,C major,,Bach,Weg mein Herz mit den Gedanken BWV 19 C major,seventh movement from cantata BWV 19
"Weg, mein Herz, mit den Gedanken",Bach,BWV25,1723,,SATB,,,Chorale,,,,Germany,C major,,Bach,Weg mein Herz mit den Gedanken BWV 25 C major,sixth movement from cantata BWV 25
Weltlich Ehr und zeitlich Gut,Bach,BWV426,,1700-1750,SATB,,,Chorale,,,,Germany,C major,,Bach,Weltlich Ehr und zeitlich Gut BWV 426 C major,
Wenn ich in Angst und Not,Bach,BWV427,,1700-1750,SATB,,,Chorale,,,,Germany,Eb major,,Bach,Wenn ich in Angst und Not BWV 427 Eb major,
Wenn mein Stundlein vorhanden ist,Bach,BWV428,,1700-1750,SATB,,,Chorale,,,,Germany,G major,,Bach,Wenn mein Stundlein vorhanden ist BWV 428 G major,
Wenn mein Stundlein vorhanden ist,Bach,BWV429,,1700-1750,SATB,,,Chorale,,,,Germany,A major,,Bach,Wenn mein Stundlein vorhanden ist BWV 429 A major,
Wenn mein Stundlein vorhanden ist,Bach,BWV430,,1700-1750,SATB,,,Chorale,,,,Germany,A major,,Bach,Wenn mein Stundlein vorhanden ist BWV 430 A major,
Wenn wir in hochsten Noten sein,Bach,BWV431,,1700-1750,SATB,,,Chorale,,,,Germany,F major,,Bach,Wenn wir in hochsten Noten sein BWV 431 F major,
Wenn wir in hochsten Noten sein,Bach,BWV432,,1700-1750,SATB,,,Chorale,,,,Germany,G major,,Bach,Wenn wir in hochsten Noten sein BWV 432 G major,
Wenn wir in hochsten Noten sein Chorale Prelude,Bach,BWV668,1750,,Organ,,,Prelude,,ChoralePrelude,,Germany,G major,,Bach,Wenn wir in hochsten Noten sein BWV688 G major,
"Wer Gott vertraut, hat wohl gebaut",Bach,BWV433,,1700-1750,SATB,,,Chorale,,,,Germany,G major,,Bach,Wer Gott vertraut hat wohl gebaut BWV 433 G major,
Wer in dem Schutz des Hochsten ist,Bach,BWV339,,1700-1750,SATB,,,Chorale,,,,Germany,A major,,Bach,Wer in dem Schutz des Hochsten ist BWV 339 A major,
Wer nur den lieben Gott lasst walten,Bach,BWV179,1723,,SATB,,,Chorale,,,,Germany,A minor,,Bach,Wer nur den lieben Gott lasst walten BWV 179 A minor,sixth movement from cantata BWV 179
Wer nur den lieben Gott lasst walten,Bach,BWV197,,1700-1750,SATB,,,Chorale,,,,Germany,B minor,,Bach,Wer nur den lieben Gott lasst walten BWV 197 B minor,tenth movement from cantata BWV 197
Wer nur den lieben Gott lasst walten,Bach,BWV434,,1700-1750,SATB,,,Chorale,,,,Germany,A minor,,Bach,Wer nur den lieben Gott lasst walten BWV 434 A minor,
Wer nur den lieben Gott lasst walten,Bach,BWV84,1727,,SATB,,,Chorale,,,,Germany,B minor,,Bach,Wer nur den lieben Gott lasst walten BWV 84 B minor,fifth movement from cantata BWV 84
Wer nur den lieben Gott lasst walten,Bach,BWV88,1726,,SATB,,,Chorale,,,,Germany,B minor,,Bach,Wer nur den lieben Gott lasst walten BWV 88 B minor,seventh movement from cantata BWV 88
"Wer weis, wie nahe mir mein Ende",Bach,BWV166,1724,,SATB,,,Chorale,,,,Germany,G minor,,Bach,Wer weiss wie nahe mir mein Ende BWV 166 G minor,sixth movement from cantata BWV 166
"Wer weiss, wie nahe mir mein Ende; Gute Nacht, du Weltgetummel!",Bach,BWV27,1726,,Bass,Violin,Viola,Cantata,,CantataAria,,Germany,G minor,,Bach,Wer weiss wie nahe mir mein Ende BWV 27 Gute Nacht du Weltgetummel G minor,also a second violin and continuo in orchestration
"Werde munter, mein Gemute",Bach,BWV154,1724,,SATB,,,Chorale,,,,Germany,A major,,Bach,Werde munter mein Gemute BWV 154 A major,third movement from cantata BWV 154
"Werde munter, mein Gemute",Bach,BWV244,,1736-1742,SATB,,,Chorale,,,,Germany,A major,,Bach,Werde munter mein Gemute BWV 244 A major,fortieth movement from passion BWV 244
"Werde munter, mein Gemute",Bach,BWV55,1726,,SATB,,,Chorale,,,,Germany,Bb major,,Bach,Werde munter mein Gemute BWV 55 Bb major,fifth movement from cantata BWV 55
Widerstehe doch der Sunde; Widerstehe doch der Sunde,Bach,BWV54,,1700-1750,Alto,Orchestra,,Cantata,,CantataAria,,Germany,Eb major,G minor,Bach,Widerstehe doch der Sunde BWV 54 Widerstehe doch der Sunde Eb major,
"Wie bist du, Seele, in mir so gar betrubt",Bach,BWV435,,1700-1750,SATB,,,Chorale,,,,Germany,E minor,,Bach,Wie bist du Seele in mir so gar betrubt BWV 435 E minor,
"Wie schon leuchtet der Morgenstern, Wie bin ich doch so herzlich froh",Bach,BWV1,1725,,SATB,,,Cantata,,CantataChorale,,Germany,Eb major,,Bach,Wie schoen leuchtet der Morgenstern BWV 1 Wie bin ich doch so herzlich froh Eb major,
Wie schon leuchtet der Morgenstern,Bach,BWV172,,1714-1731,SATB,,,Chorale,,,,Germany,F major,,Bach,Wie schon leuchtet der Morgenstern BWV 172 F major,sixth movement from cantata BWV 172 
Wie schon leuchtet der Morgenstern,Bach,BWV36,,1725,SATB,,,Chorale,,,,Germany,D major,,Bach,Wie schon leuchtet der Morgenstern BWV 36 D major,fourth movement from BWV 36(1) and 36(2)
Wie schon leuchtet der Morgenstern,Bach,BWV36(1),1726,,SATB,,,Chorale,,,,Germany,D major,,Bach,Wie schon leuchtet der Morgenstern BWV 36(1) D major,fifth movement from cantata BWV 36(1)
Wie schon leuchtet der Morgenstern,Bach,BWV436,,1700-1750,SATB,,,Chorale,,,,Germany,E major,,Bach,Wie schon leuchtet der Morgenstern BWV 436 E major,
Wir Christenleut,Bach,BWV110,1725,,SATB,,,Chorale,,,,Germany,B minor,,Bach,Wir Christenleut BWV 110 B minor,last movement from cantata BWV 110
Wir Christenleut,Bach,BWV248,1734,,SATB,,,Chorale,,,,Germany,F# minor,,Bach,Wir Christenleut BWV 248 F# minor,thirty-fifth movement from oratorio BWV 248
Wir Christenleut,Bach,BWV40,1723,,SATB,,,Chorale,,,,Germany,G minor,,Bach,Wir Christenleut BWV 40 G minor,third movement from cantata BWV 40
"Wir danken dir, Gott, wir danken dir; Sinfonia",Bach,BWV29,1731,,Orchestra,,,Cantata,,Sinfonia(Intro),,Germany,D major,,Bach,Wir danken dir Gott wir danken dir BWV 29 Sinfonia D major,
Wir glauben all an einen Gott,Bach,BWV437,,1700-1750,SATB,,,Chorale,,,,Germany,D minor,,Bach,Wir glauben all an einen Gott BWV 437 D minor,
"Wo Gott, der Herr, mich bei uns halt",Bach,BWV258,,1700-1750,SATB,,,Chorale,,,,Germany,B minor,,Bach,Wo Gott der Herr mich bei uns halt BWV 258 B minor,
Wo Gott zum Haus nicht gibt sein Gunst,Bach,BWV438,,1700-1750,SATB,,,Chorale,,,,Germany,F major,,Bach,Wo Gott zum Haus nicht gibt sein Gunst BWV 438 F major,
Wo soll ich fliehen hin,Bach,BWV136,1723,,SATB,,,Chorale,,,,Germany,B minor,,Bach,Wo soll ich fliehen hin BWV 136 B minor,sixth movement from cantata BWV 136
Wo soll ich fliehen hin,Bach,BWV148,,1700-1750,SATB,,,Chorale,,,,Germany,F minor,,Bach,Wo soll ich fliehen hin BWV 148 F minor,sixth movement from cantata BWV 148
"Wo soll ich fliehen hin; Verstumme, Hollenheer",Bach,BWV5,1724,,Bass,Orchestra,,Cantata,,CantataAria,,Germany,Bb major,,Bach,"Wo soll ich fliehen hin BWV 5 Verstumme, Hollenheer Bb major",
Wo soll ich fliehen hin,Bach,BWV89,1723,,SATB,,,Chorale,,,,Germany,G minor,,Bach,Wo soll ich fliehen hin BWV 89 G minor,sixth movement from cantata BWV 89
Fugue no 1 from Well Tempered Clavier Book 1,Bach,BWV846,1722,,harpsichord,,,PreludeAndFugue,,Fugue,,Germany,C major,,Bach,WTC 1.1 Fugue C major,
Prelude no 1 from Well Tempered Clavier Book 1,Bach,BWV846,1722,,harpsichord,,,PreludeAndFugue,,Prelude,,Germany,C major,,Bach,WTC 1.1 Prelude C major,
Fugue no 10 from Well Tempered Clavier Book  1,Bach,BWV855,1722,,harpsichord,,,PreludeAndFugue,,Fugue,,Germany,E minor,,Bach,WTC 1.10 Fugue E minor,
Prelude no 10 from Well Tempered Clavier Book  1,Bach,BWV855,1722,,harpsichord,,,PreludeAndFugue,,Prelude,,Germany,E minor,,Bach,WTC 1.10 Prelude E minor,
Fugue no 11 from Well Tempered Clavier Book  1,Bach,BWV856,1722,,harpsichord,,,PreludeAndFugue,,Fugue,,Germany,F major,,Bach,WTC 1.11 Fugue F major,
Prelude no 11 from Well Tempered Clavier Book  1,Bach,BWV856,1722,,harpsichord,,,PreludeAndFugue,,Prelude,,Germany,F major,,Bach,WTC 1.11 Prelude F major,
Fugue no 12 from Well Tempered Clavier Book  1,Bach,BWV857,1722,,harpsichord,,,PreludeAndFugue,,Fugue,,Germany,F minor,,Bach,WTC 1.12 Fugue F minor,
Prelude no 12 from Well Tempered Clavier Book  1,Bach,BWV857,1722,,harpsichord,,,PreludeAndFugue,,Prelude,,Germany,F minor,,Bach,WTC 1.12 Prelude F minor,
Fugue no 13 from Well Tempered Clavier Book  1,Bach,BWV858,1722,,harpsichord,,,PreludeAndFugue,,Fugue,,Germany,F# major,,Bach,WTC 1.13 Fugue F# major,
Prelude no 13 from Well Tempered Clavier Book  1,Bach,BWV858,1722,,harpsichord,,,PreludeAndFugue,,Prelude,,Germany,F# major,,Bach,WTC 1.13 Prelude F# major,
Fugue no 14 from Well Tempered Clavier Book  1,Bach,BWV859,1722,,harpsichord,,,PreludeAndFugue,,Fugue,,Germany,F# minor,,Bach,WTC 1.14 Fugue F# minor,
Prelude no 14 from Well Tempered Clavier Book  1,Bach,BWV859,1722,,harpsichord,,,PreludeAndFugue,,Prelude,,Germany,F# minor,,Bach,WTC 1.14 Prelude F# minor,
Fugue no 15 from Well Tempered Clavier Book  1,Bach,BWV860,1722,,harpsichord,,,PreludeAndFugue,,Fugue,,Germany,G major,,Bach,WTC 1.15 Fugue G major,
Prelude no 15 from Well Tempered Clavier Book  1,Bach,BWV860,1722,,harpsichord,,,PreludeAndFugue,,Prelude,,Germany,G major,,Bach,WTC 1.15 Prelude G major,
Fugue no 16 from Well Tempered Clavier Book  1,Bach,BWV861,1722,,harpsichord,,,PreludeAndFugue,,Fugue,,Germany,G minor,,Bach,WTC 1.16 Fugue G minor,
Prelude no 16 from Well Tempered Clavier Book  1,Bach,BWV861,1722,,harpsichord,,,PreludeAndFugue,,Prelude,,Germany,G minor,,Bach,WTC 1.16 Prelude G minor,
Fugue no 17 from Well Tempered Clavier Book  1,Bach,BWV862,1722,,harpsichord,,,PreludeAndFugue,,Fugue,,Germany,Ab major,,Bach,WTC 1.17 Fugue Ab major,
Prelude no 17 from Well Tempered Clavier Book  1,Bach,BWV862,1722,,harpsichord,,,PreludeAndFugue,,Prelude,,Germany,Ab major,,Bach,WTC 1.17 Prelude Ab major,
Fugue no 18 from Well Tempered Clavier Book  1,Bach,BWV863,1722,,harpsichord,,,PreludeAndFugue,,Fugue,,Germany,G# minor,,Bach,WTC 1.18 Fugue G# minor,
Prelude no 18 from Well Tempered Clavier Book  1,Bach,BWV863,1722,,harpsichord,,,PreludeAndFugue,,Prelude,,Germany,G# minor,,Bach,WTC 1.18 Prelude G# minor,
Fugue no 19 from Well Tempered Clavier Book  1,Bach,BWV864,1722,,harpsichord,,,PreludeAndFugue,,Fugue,,Germany,A major,,Bach,WTC 1.19 Fugue A major,
Prelude no 19 from Well Tempered Clavier Book  1,Bach,BWV864,1722,,harpsichord,,,PreludeAndFugue,,Prelude,,Germany,A major,,Bach,WTC 1.19 Prelude A major,
Fugue no 2 from Well Tempered Clavier Book 1,Bach,BWV847,1722,,harpsichord,,,PreludeAndFugue,,Fugue,,Germany,C minor,,Bach,WTC 1.2 Fugue C minor,
Prelude no 2 from Well Tempered Clavier Book 1,Bach,BWV847,1722,,harpsichord,,,PreludeAndFugue,,Prelude,,Germany,C minor,,Bach,WTC 1.2 Prelude C minor,
Fugue no 20 from Well Tempered Clavier Book  1,Bach,BWV865,1722,,harpsichord,,,PreludeAndFugue,,Fugue,,Germany,A minor,,Bach,WTC 1.20 Fugue A minor,
Prelude no 20 from Well Tempered Clavier Book  1,Bach,BWV865,1722,,harpsichord,,,PreludeAndFugue,,Prelude,,Germany,A minor,,Bach,WTC 1.20 Prelude A minor,
Fugue no 21 from Well Tempered Clavier Book  1,Bach,BWV866,1722,,harpsichord,,,PreludeAndFugue,,Fugue,,Germany,Bb major,,Bach,WTC 1.21 Fugue Bb major,
Prelude no 21 from Well Tempered Clavier Book  1,Bach,BWV866,1722,,harpsichord,,,PreludeAndFugue,,Prelude,,Germany,Bb major,,Bach,WTC 1.21 Prelude Bb major,
Fugue no 22 from Well Tempered Clavier Book  1,Bach,BWV867,1722,,harpsichord,,,PreludeAndFugue,,Fugue,,Germany,Bb minor,,Bach,WTC 1.22 Fugue Bb minor,
Prelude no 22 from Well Tempered Clavier Book  1,Bach,BWV867,1722,,harpsichord,,,PreludeAndFugue,,Prelude,,Germany,Bb minor,,Bach,WTC 1.22 Prelude Bb minor,
Fugue no 23 from Well Tempered Clavier Book  1,Bach,BWV868,1722,,harpsichord,,,PreludeAndFugue,,Fugue,,Germany,B major,,Bach,WTC 1.23 Fugue B major,
Prelude no 23 from Well Tempered Clavier Book  1,Bach,BWV868,1722,,harpsichord,,,PreludeAndFugue,,Prelude,,Germany,B major,,Bach,WTC 1.23 Prelude B major,
Fugue no 24 from Well Tempered Clavier Book  1,Bach,BWV869,1722,,harpsichord,,,PreludeAndFugue,,Fugue,,Germany,B minor,,Bach,WTC 1.24 Fugue B minor,
Prelude no 24 from Well Tempered Clavier Book  1,Bach,BWV869,1722,,harpsichord,,,PreludeAndFugue,,Prelude,,Germany,B minor,,Bach,WTC 1.24 Prelude B minor,
Fugue no 3 from Well Tempered Clavier Book 1,Bach,BWV848,1722,,harpsichord,,,PreludeAndFugue,,Fugue,,Germany,C# major,,Bach,WTC 1.3 Fugue C# major,
Prelude no 3 from Well Tempered Clavier Book 1,Bach,BWV848,1722,,harpsichord,,,PreludeAndFugue,,Prelude,,Germany,C# major,,Bach,WTC 1.3 Prelude C# major,
Fugue no 4 from Well Tempered Clavier Book 1,Bach,BWV849,1722,,harpsichord,,,PreludeAndFugue,,Fugue,,Germany,C# minor,,Bach,WTC 1.4 Fugue C# minor,
Prelude no 4 from Well Tempered Clavier Book 1,Bach,BWV849,1722,,harpsichord,,,PreludeAndFugue,,Prelude,,Germany,C# minor,,Bach,WTC 1.4 Prelude C# minor,
Fugue no 5 from Well Tempered Clavier Book 1,Bach,BWV850,1722,,harpsichord,,,PreludeAndFugue,,Fugue,,Germany,D major,,Bach,WTC 1.5 Fugue D major,
Prelude no 5 from Well Tempered Clavier Book 1,Bach,BWV850,1722,,harpsichord,,,PreludeAndFugue,,Prelude,,Germany,D major,,Bach,WTC 1.5 Prelude D major,
Fugue no 6 from Well Tempered Clavier Book 1,Bach,BWV851,1722,,harpsichord,,,PreludeAndFugue,,Fugue,,Germany,D minor,,Bach,WTC 1.6 Fugue D minor,
Prelude no 6 from Well Tempered Clavier Book 1,Bach,BWV851,1722,,harpsichord,,,PreludeAndFugue,,Prelude,,Germany,D minor,,Bach,WTC 1.6 Prelude D minor,
Fugue no 7 from Well Tempered Clavier Book 1,Bach,BWV852,1722,,harpsichord,,,PreludeAndFugue,,Fugue,,Germany,Eb major,,Bach,WTC 1.7 Fugue Eb major,
Prelude no 7 from Well Tempered Clavier Book 1,Bach,BWV852,1722,,harpsichord,,,PreludeAndFugue,,Prelude,,Germany,Eb major,,Bach,WTC 1.7 Prelude Eb major,
Fugue no 8 from Well Tempered Clavier Book 1,Bach,BWV853,1722,,harpsichord,,,PreludeAndFugue,,Fugue,,Germany,D# minor,,Bach,WTC 1.8 Fugue D# minor,
Prelude no 8 from Well Tempered Clavier Book 1,Bach,BWV853,1722,,harpsichord,,,PreludeAndFugue,,Prelude,,Germany,Eb minor,,Bach,WTC 1.8 Prelude Eb minor,
Fugue no 9 from Well Tempered Clavier Book 1,Bach,BWV854,1722,,harpsichord,,,PreludeAndFugue,,Fugue,,Germany,E major,,Bach,WTC 1.9 Fugue E major,
Prelude no 9 from Well Tempered Clavier Book 1,Bach,BWV854,1722,,harpsichord,,,PreludeAndFugue,,Prelude,,Germany,E major,,Bach,WTC 1.9 Prelude E major,
Fugue no 1 from Well Tempered Clavier Book  2,Bach,BWV870,1740,,harpsichord,,,PreludeAndFugue,,Fugue,,Germany,C major,,Bach,WTC 2.1 Fugue C major,
Prelude no 1 from Well Tempered Clavier Book  2,Bach,BWV870,1740,,harpsichord,,,PreludeAndFugue,,Prelude,,Germany,C major,,Bach,WTC 2.1 Prelude C major,
Fugue no 10 from Well Tempered Clavier Book  2,Bach,BWV879,1740,,harpsichord,,,PreludeAndFugue,,Fugue,,Germany,E minor,,Bach,WTC 2.10 Fugue E minor,
Prelude no 10 from Well Tempered Clavier Book  2,Bach,BWV879,1740,,harpsichord,,,PreludeAndFugue,,Prelude,,Germany,E minor,,Bach,WTC 2.10 Prelude E minor,
Fugue no 11 from Well Tempered Clavier Book  2,Bach,BWV880,1740,,harpsichord,,,PreludeAndFugue,,Fugue,,Germany,F major,,Bach,WTC 2.11 Fugue F major,
Prelude no 11 from Well Tempered Clavier Book  2,Bach,BWV880,1740,,harpsichord,,,PreludeAndFugue,,Prelude,,Germany,F major,,Bach,WTC 2.11 Prelude F major,
Fugue no 12 from Well Tempered Clavier Book  2,Bach,BWV881,1740,,harpsichord,,,PreludeAndFugue,,Fugue,,Germany,F minor,,Bach,WTC 2.12 Fugue F minor,
Prelude no 12 from Well Tempered Clavier Book  2,Bach,BWV881,1740,,harpsichord,,,PreludeAndFugue,,Prelude,,Germany,F minor,,Bach,WTC 2.12 Prelude F minor,
Fugue no 13 from Well Tempered Clavier Book  2,Bach,BWV882,1740,,harpsichord,,,PreludeAndFugue,,Fugue,,Germany,F# major,,Bach,WTC 2.13 Fugue F# major,
Prelude no 13 from Well Tempered Clavier Book  2,Bach,BWV882,1740,,harpsichord,,,PreludeAndFugue,,Prelude,,Germany,F# major,,Bach,WTC 2.13 Prelude F# major,
Fugue no 14 from Well Tempered Clavier Book  2,Bach,BWV883,1740,,harpsichord,,,PreludeAndFugue,,Fugue,,Germany,F# minor,,Bach,WTC 2.14 Fugue F# minor,
Prelude no 14 from Well Tempered Clavier Book  2,Bach,BWV883,1740,,harpsichord,,,PreludeAndFugue,,Prelude,,Germany,F# minor,,Bach,WTC 2.14 Prelude F# minor,
Fugue no 15 from Well Tempered Clavier Book  2,Bach,BWV884,1740,,harpsichord,,,PreludeAndFugue,,Fugue,,Germany,G major,,Bach,WTC 2.15 Fugue G major,
Prelude no 15 from Well Tempered Clavier Book  2,Bach,BWV884,1740,,harpsichord,,,PreludeAndFugue,,Prelude,,Germany,G major,,Bach,WTC 2.15 Prelude G major,
Fugue no 16 from Well Tempered Clavier Book  2,Bach,BWV885,1740,,harpsichord,,,PreludeAndFugue,,Fugue,,Germany,G minor,,Bach,WTC 2.16 Fugue G minor,
Prelude no 16 from Well Tempered Clavier Book  2,Bach,BWV885,1740,,harpsichord,,,PreludeAndFugue,,Prelude,,Germany,G minor,,Bach,WTC 2.16 Prelude G minor,
Fugue no 17 from Well Tempered Clavier Book  2,Bach,BWV886,1740,,harpsichord,,,PreludeAndFugue,,Fugue,,Germany,Ab major,,Bach,WTC 2.17 Fugue Ab major,
Prelude no 17 from Well Tempered Clavier Book  2,Bach,BWV886,1740,,harpsichord,,,PreludeAndFugue,,Prelude,,Germany,Ab major,,Bach,WTC 2.17 Prelude Ab major,
Fugue no 18 from Well Tempered Clavier Book  2,Bach,BWV887,1740,,harpsichord,,,PreludeAndFugue,,Fugue,,Germany,G# minor,,Bach,WTC 2.18 Fugue G# minor,
Prelude no 18 from Well Tempered Clavier Book  2,Bach,BWV887,1740,,harpsichord,,,PreludeAndFugue,,Prelude,,Germany,G# minor,,Bach,WTC 2.18 Prelude G# minor,
Fugue no 19 from Well Tempered Clavier Book  2,Bach,BWV888,1740,,harpsichord,,,PreludeAndFugue,,Fugue,,Germany,A major,,Bach,WTC 2.19 Fugue A major,
Prelude no 19 from Well Tempered Clavier Book  2,Bach,BWV888,1740,,harpsichord,,,PreludeAndFugue,,Prelude,,Germany,A major,,Bach,WTC 2.19 Prelude A major,
Fugue no 2 from Well Tempered Clavier Book  2,Bach,BWV871,1740,,harpsichord,,,PreludeAndFugue,,Fugue,,Germany,C minor,,Bach,WTC 2.2 Fugue C minor,
Prelude no 2 from Well Tempered Clavier Book  2,Bach,BWV871,1740,,harpsichord,,,PreludeAndFugue,,Prelude,,Germany,C minor,,Bach,WTC 2.2 Prelude C minor,
Fugue no 20 from Well Tempered Clavier Book  2,Bach,BWV889,1740,,harpsichord,,,PreludeAndFugue,,Fugue,,Germany,A minor,,Bach,WTC 2.20 Fugue A minor,
Prelude no 20 from Well Tempered Clavier Book  2,Bach,BWV889,1740,,harpsichord,,,PreludeAndFugue,,Prelude,,Germany,A minor,,Bach,WTC 2.20 Prelude A minor,
Fugue no 21 from Well Tempered Clavier Book  2,Bach,BWV890,1740,,harpsichord,,,PreludeAndFugue,,Fugue,,Germany,Bb major,,Bach,WTC 2.21 Fugue Bb major,
Prelude no 21 from Well Tempered Clavier Book  2,Bach,BWV890,1740,,harpsichord,,,PreludeAndFugue,,Prelude,,Germany,Bb major,,Bach,WTC 2.21 Prelude Bb major,
Fugue no 22 from Well Tempered Clavier Book  2,Bach,BWV891,1740,,harpsichord,,,PreludeAndFugue,,Fugue,,Germany,Bb minor,,Bach,WTC 2.22 Fugue Bb minor,
Prelude no 22 from Well Tempered Clavier Book  2,Bach,BWV891,1740,,harpsichord,,,PreludeAndFugue,,Prelude,,Germany,Bb minor,,Bach,WTC 2.22 Prelude Bb minor,
Fugue no 23 from Well Tempered Clavier Book  2,Bach,BWV892,1740,,harpsichord,,,PreludeAndFugue,,Fugue,,Germany,B major,,Bach,WTC 2.23 Fugue B major,
Prelude no 23 from Well Tempered Clavier Book  2,Bach,BWV892,1740,,harpsichord,,,PreludeAndFugue,,Prelude,,Germany,B major,,Bach,WTC 2.23 Prelude B major,
Fugue no 24 from Well Tempered Clavier Book  2,Bach,BWV893,1740,,harpsichord,,,PreludeAndFugue,,Fugue,,Germany,B minor,,Bach,WTC 2.24 Fugue B minor,
Prelude no 24 from Well Tempered Clavier Book  2,Bach,BWV893,1740,,harpsichord,,,PreludeAndFugue,,Prelude,,Germany,B minor,,Bach,WTC 2.24 Prelude B minor,
Fugue no 3 from Well Tempered Clavier Book  2,Bach,BWV872,1740,,harpsichord,,,PreludeAndFugue,,Fugue,,Germany,C# major,,Bach,WTC 2.3 Fugue C# major,
Prelude no 3 from Well Tempered Clavier Book  2,Bach,BWV872,1740,,harpsichord,,,PreludeAndFugue,,Prelude,,Germany,C# major,,Bach,WTC 2.3 Prelude C# major,
Fugue no 4 from Well Tempered Clavier Book  2,Bach,BWV873,1740,,harpsichord,,,PreludeAndFugue,,Fugue,,Germany,C# minor,,Bach,WTC 2.4 Fugue C# minor,
Prelude no 4 from Well Tempered Clavier Book  2,Bach,BWV873,1740,,harpsichord,,,PreludeAndFugue,,Prelude,,Germany,C# minor,,Bach,WTC 2.4 Prelude C# minor,
Fugue no 5 from Well Tempered Clavier Book  2,Bach,BWV874,1740,,harpsichord,,,PreludeAndFugue,,Fugue,,Germany,D major,,Bach,WTC 2.5 Fugue D major,
Prelude no 5 from Well Tempered Clavier Book  2,Bach,BWV874,1740,,harpsichord,,,PreludeAndFugue,,Prelude,,Germany,D major,,Bach,WTC 2.5 Prelude D major,
Fugue no 6 from Well Tempered Clavier Book  2,Bach,BWV875,1740,,harpsichord,,,PreludeAndFugue,,Fugue,,Germany,D minor,,Bach,WTC 2.6 Fugue D minor,
Prelude no 6 from Well Tempered Clavier Book  2,Bach,BWV875,1740,,harpsichord,,,PreludeAndFugue,,Prelude,,Germany,D minor,,Bach,WTC 2.6 Prelude D minor,
Fugue no 7 from Well Tempered Clavier Book  2,Bach,BWV876,1740,,harpsichord,,,PreludeAndFugue,,Fugue,,Germany,Eb major,,Bach,WTC 2.7 Fugue Eb major,
Prelude no 7 from Well Tempered Clavier Book  2,Bach,BWV876,1740,,harpsichord,,,PreludeAndFugue,,Prelude,,Germany,Eb major,,Bach,WTC 2.7 Prelude Eb major,
Fugue no 8 from Well Tempered Clavier Book  2,Bach,BWV877,1740,,harpsichord,,,PreludeAndFugue,,Fugue,,Germany,D# minor,,Bach,WTC 2.8 Fugue Eb minor,
Prelude no 8 from Well Tempered Clavier Book  2,Bach,BWV877,1740,,harpsichord,,,PreludeAndFugue,,Prelude,,Germany,Eb minor,,Bach,WTC 2.8 Prelude Eb minor,
Fugue no 9 from Well Tempered Clavier Book  2,Bach,BWV878,1740,,harpsichord,,,PreludeAndFugue,,Fugue,,Germany,E major,,Bach,WTC 2.9 Fugue E major,
Prelude no 9 from Well Tempered Clavier Book  2,Bach,BWV878,1740,,harpsichord,,,PreludeAndFugue,,Prelude,,Germany,E major,,Bach,WTC 2.9 Prelude E major,
Zeuch ein zu deinen Toren,Bach,BWV28,1725,,SATB,,,Chorale,,,,Germany,A minor,,Bach,Zeuch ein zu deinen Toren BWV 28 A minor,sixth movement from cantata BWV 28
Bouree I from English Suite no 2,Bach,BWV807,1715,,Harpsichord,,,SoloSuitePartita,,Bouree,,Germany,A minor,,Bach,,
Allemande from English Suite 4,Bach,BWV809,1715,,Harpsichord,,,SoloSuitePartita,,Allemande,,Germany,F major,,Bach,,
Courante from English Suite 4,Bach,BWV809,1715,,Harpsichord,,,SoloSuitePartita,,Courante,,Germany,F major,,Bach,,
Sarabande from English Suite No 4,Bach,BWV809,1715,,Harpsichord,,,SoloSuitePartita,,Sarabande,,Germany,F major,,Bach,,
Minuet I from English Suite no 4,Bach,BWV809,1715,,Harpsichord,,,SoloSuitePartita,,Minuet,,Germany,F major,,Bach,,
Minuet II from English Suite no 4,Bach,BWV809,1715,,Harpsichord,,,SoloSuitePartita,,Minuet,,Germany,D minor,,Bach,,
Gigue from English Suite No 4,Bach,BWV809,1715,,Harpsichord,,,SoloSuitePartita,,Gigue,,Germany,F major,,Bach,,
Prelude from English Suite No 5,Bach,BWV810,1715,,Harpsichord,,,SoloSuitePartita,,Prelude,,Germany,E minor,,Bach,,
Allemande from English Suite 5,Bach,BWV810,1715,,Harpsichord,,,SoloSuitePartita,,,,,E minor,,Bach,,
Courante from English Suite 5,Bach,BWV810,1715,,Harpsichord,,,SoloSuitePartita,,,,,E minor,,Bach,,
Sarabande from English Suite No 5,Bach,BWV810,1715,,Harpsichord,,,SoloSuitePartita,,,,,E minor,,Bach,,
Passepied I from English Suite 5 ,Bach,BWV810,1715,,Harpsichord,,,SoloSuitePartita,,,,,E minor,,Bach,,
Passepied II from English Suite 5 ,Bach,BWV810,1715,,Harpsichord,,,SoloSuitePartita,,,,,E minor,,Bach,,
Gigue from English Suite No 5,Bach,BWV810,1715,,Harpsichord,,,SoloSuitePartita,,,,,E minor,,Bach,,
Prelude from English Suite No 6,Bach,BWV811,1715,,Harpsichord,,,SoloSuitePartita,,,,,D minor,,Bach,,
Allemande from English Suite 6,Bach,BWV811,1715,,Harpsichord,,,SoloSuitePartita,,,,,D minor,,Bach,,
Courante from English Suite 6,Bach,BWV811,1715,,Harpsichord,,,SoloSuitePartita,,,,,D minor,,Bach,,
Sarabande from English Suite No 6,Bach,BWV811,1715,,Harpsichord,,,SoloSuitePartita,,,,,D minor,,Bach,,
Sarabande Double from English Suite No 6,Bach,BWV811,1715,,Harpsichord,,,SoloSuitePartita,,,,,D minor,,Bach,,
Gavotte I from English Suite no 6,Bach,BWV811,1715,,Harpsichord,,,SoloSuitePartita,,,,,D minor,,Bach,,
Gavotte II from English Suite no 6,Bach,BWV811,1715,,Harpsichord,,,SoloSuitePartita,,,,,D minor,,Bach,,
Gigue from English Suite No 6,Bach,BWV811,1715,,Harpsichord,,,SoloSuitePartita,,,,,D minor,,Bach,,
Gigue from French Suite no 4,Bach,BWV815,,1722-1725,Harpsichord,,,SoloSuitePartita,,Gigue,,Germany,Eb major,,Bach,,
Fugue from Toccata and Fugue in F major,Bach,BWV540,,1713-1731,Organ,,,ToccataAndFugue,,Fugue,,Germany,F major,,Bach,,
Prelude from Prelude and Fugue in G major,Bach,BWV550,1710,,Organ,,,PreludeAndFugue,,Prelude,,Germany,G major,,Bach,,
Fugue from Fantasy and Fugue in A minor,Bach,BWV561,,1710-1740,organ,,,FantasyandFugue,,Fugue,,Germany,A minor,,Bach,,
"Christ lag in Todes Banden, Sinfonia",Bach,BWV 4,,1724-1725,SATB,Orchestra,,Cantata,,,,Germany,E minor,,Bach,,Whole Cantata in one MIDI file
"Christ lag in Todes Banden, Verse 1",Bach,BWV 4,,1724-1725,SATB,Orchestra,,Cantata,,,,Germany,E minor,,Bach,,Whole Cantata in one MIDI file
"Christ lag in Todes Banden, Verse 2",Bach,BWV 4,,1724-1725,SATB,Orchestra,,Cantata,,,,Germany,E minor,,Bach,,Whole Cantata in one MIDI file
"Christ lag in Todes Banden, Verse 3",Bach,BWV 4,,1724-1725,SATB,Orchestra,,Cantata,,,,Germany,E minor,,Bach,,Whole Cantata in one MIDI file
"Christ lag in Todes Banden, Verse 4",Bach,BWV 4,,1724-1725,SATB,Orchestra,,Cantata,,,,Germany,E minor,,Bach,,Whole Cantata in one MIDI file
"Christ lag in Todes Banden, Verse 5",Bach,BWV 4,,1724-1725,SATB,Orchestra,,Cantata,,,,Germany,E minor,,Bach,,Whole Cantata in one MIDI file
"Christ lag in Todes Banden, Verse 6",Bach,BWV 4,,1724-1725,SATB,Orchestra,,Cantata,,,,Germany,E minor,,Bach,,Whole Cantata in one MIDI file
"Christ lag in Todes Banden, Verse 7",Bach,BWV 4,,1724-1725,SATB,Orchestra,,Cantata,,,,Germany,E minor,,Bach,,Whole Cantata in one MIDI file
"Lobet Gott in seinen Reichen; Jesu, deine Gnadenblicke",Bach,BWV11,1735,,Soprano,Orchestra,,Cantata,,CantataAria,,Germany,E minor,,Bach,,not in MIDI database 
Capriccio Italien Op. 45,Tchaikovsky,Op45,1880,,Orchestra,,,Fantasy,,,,Russia,A major,,Tchaikovsky,Cariccio Italien 45 A Major,
Danse russe Op. 40 No. 10,Tchaikovsky,Op40no10,1878,,Piano,,,CharacterPiece,,,,Russia,A minor,,Tchaikovsky,Douze morceaux de difficult_ moyenne 40 10 A Minor,
Chanson triste Op. 40 No. 2,Tchaikovsky,Op40no2,1878,,Piano,,,CharacterPiece,,,,Russia,G minor,,Tchaikovsky,Douze morceaux de difficult_ moyenne 40 2 G Minor,
Chant sans paroles Op. 40 No. 6,Tchaikovsky,Op40no6,1878,,Piano,,,CharacterPiece,,,,Russia,A minor,,Tchaikovsky,Douze morceaux de difficult_ moyenne 40 6 A Minor,
Valse Op. 40 No. 9,Tchaikovsky,Op40no9,1878,,Piano,,,CharacterPiece,,Waltz,,Russia,F# minor,,Tchaikovsky,Douze morceaux de difficult_ moyenne 40 9 F# Minor,
Antrakt and Waltz with Scene and Chorus Op. 24 No. 13,Tchaikovsky,Op24no13,,1877-1878,Orchestra,,,Overture,Opera,Waltz,,Russia,D major,,Tchaikovsky,Eugene Onegin 24 13 D Major,
Polonaise Op. 24 No. 19,Tchaikovsky,Op24no19,,1877-1878,Orchestra,,,Overture,Opera,Polonaise,,Russia,G major,,Tchaikovsky,Eugene Onegin 24 19 G Major,
Lenski's Aria Op. 24 No. 6,Tchaikovsky,Op24no6,,1877-1878,Piano,Soprano,,Duet,Opera,,,Russia,E minor,,Tchaikovsky,Eugene Onegin 24 6 E Minor,
None But the Lonely Heart Op. 6 No. 6,Tchaikovsky,Op6no6,1869,,Piano,Soprano,,Duet,,,,Russia,D major,,Tchaikovsky,None but the Lonely Heart 6 6 D Major,
Miniature Overture Op. 71 No. 1,Tchaikovsky,Op71no1,,1891-1892,Orchestra,,,Ballet,,,,Russia,Bb major,,Tchaikovsky,Nutcracker Suite 71 1 Bb Major,
March Op. 71 No. 2,Tchaikovsky,Op71no2,,1891-1892,Orchestra,,,Ballet,,,,Russia,G major,,Tchaikovsky,Nutcracker Suite 71 2 G Major,
Dance of the Sugar Plum Fairy Op. 71 No. 3,Tchaikovsky,Op71no3,,1891-1892,Orchestra,,,Ballet,,,,Russia,E minor,,Tchaikovsky,Nutcracker Suite 71 3 E Minor,
Russian Dance Op. 71 No. 4,Tchaikovsky,Op71no4,,1891-1892,Orchestra,,,Ballet,,,,Russia,G major,,Tchaikovsky,Nutcracker Suite 71 4 G Major,
Arab Dance Op. 71 No. 5,Tchaikovsky,Op71no5,,1891-1892,Orchestra,,,Ballet,,,,Russia,G minor,Gminor-Gmajor,Tchaikovsky,Nutcracker Suite 71 5 G Minor,
Chinese Dance Op. 71 No. 6,Tchaikovsky,Op71no6,,1891-1892,Orchestra,,,Ballet,,,,Russia,Bb major,,Tchaikovsky,Nutcracker Suite 71 6 Bb Major,
Dance of Reed-Flutes Op. 71 No. 7,Tchaikovsky,Op71no7,,1891-1892,Orchestra,,,Ballet,,,,Russia,D major,,Tchaikovsky,Nutcracker Suite 71 7 D Major,
Waltz of the Flowers Op. 71 No. 8,Tchaikovsky,Op71no8,,1891-1892,Orchestra,,,Ballet,,Waltz,,Russia,D major,,Tchaikovsky,Nutcracker Suite 71 8 D Major,
1812 Overture Op. 49,Tchaikovsky,Op49,1882,,Orchestra,,,Overture,,,,Russia,Eb major,,Tchaikovsky,Overture 49 Eb Major,
Romance Op. 5,Tchaikovsky,Op5,1868,,Piano,,,OtherSolo,,,,Russia,F minor,,Tchaikovsky,Romance 5 F Minor,
Romance Op. 51 No. 5,Tchaikovsky,Op51no5,1882,,Piano,,,OtherSolo,,,,Russia,F major,,Tchaikovsky,Romance 51 5 F Major,
Romeo and Juliet Overture,Tchaikovsky,,1878,,Orchestra,,,Overture,SymphonicPoem,,,Russia,F minor,Fminor-Bmajor,Tchaikovsky,Romeo and Juliet Overture F Minor,
Serenade for Strings Op. 48 I,Tchaikovsky,Op48,1881,,StringQuintet,,,StringQuintet,,Serenade,FirstMovement,Russia,C major,,Tchaikovsky,Serenade for Strings 48 I C Major,
Serenade for Strings Op. 48 II,Tchaikovsky,Op48,1881,,StringQuintet,,,StringQuintet,,Serenade,Waltz,Russia,G major,,Tchaikovsky,Serenade for Strings 48 II G Major,
Serenade for Strings Op. 48 III,Tchaikovsky,Op48,1881,,StringQuintet,,,StringQuintet,,Serenade,OtherMiddleMovement,Russia,D major,,Tchaikovsky,Serenade for Strings 48 III D Major,
Serenade for Strings Op. 48 IV,Tchaikovsky,Op48,1881,,StringQuintet,,,StringQuintet,,Serenade,LastMovement,Russia,G major,Gmajor-Cmajor,Tchaikovsky,Serenade for Strings 48 IV G Major,
Legend Op. 54 No. 3,Tchaikovsky,Op54no3,1884,,SATB,,,Motet,,,,Russia,F# minor,,Tchaikovsky,Sixteen Songs for Children 54 5 F# Minor,
Waltz Op. 66 No. 6,Tchaikovsky,Op66no6,1889,,Orchestra,,,Ballet,,Waltz,,Russia,Bb major,,Tchaikovsky,Sleeping Beauty 66 6 Bb Major,
Scene Op. 20 No. 1,Tchaikovsky,Op20no1,,1875-1876,Orchestra,,,Ballet,Overture,,,Russia,B minor,Bminor-Dmajor,Tchaikovsky,Swan Lake 20 1 B Minor,
Scene Op. 20 No. 10,Tchaikovsky,Op20no10,,1875-1876,Orchestra,,,Ballet,,,,Russia,B minor,,Tchaikovsky,Swan Lake 20 10 B Minor,
Scene Op. 20 No. 11,Tchaikovsky,Op20no11,,1875-1876,Orchestra,,,Ballet,,,,Russia,G major,Gmajor-F#minor,Tchaikovsky,Swan Lake 20 11 G Major,
Scene Op. 20 No. 12,Tchaikovsky,Op20no12,,1875-1876,Orchestra,,,Ballet,,,,Russia,C# minor,,Tchaikovsky,Swan Lake 20 12 C# Minor,
Danse des cygnes Op. 20 No. 13 I,Tchaikovsky,Op20no13,,1875-1876,Orchestra,,,Ballet,,Waltz,,Russia,A major,,Tchaikovsky,Swan Lake 20 13 I A Major,
Danse des cygnes Op. 20 No. 13 II,Tchaikovsky,Op20no13,,1875-1876,Orchestra,,,Ballet,,OtherDance,,Russia,E major,,Tchaikovsky,Swan Lake 20 13 II E Major,
Danse des cygnes Op. 20 No. 13 III,Tchaikovsky,Op20no13,,1875-1876,Orchestra,,,Ballet,,Waltz,,Russia,A major,,Tchaikovsky,Swan Lake 20 13 III A Major,
Danse des cygnes Op. 20 No. 13 IV,Tchaikovsky,Op20no13,,1875-1876,Orchestra,,,Ballet,,OtherDance,,Russia,F# minor,,Tchaikovsky,Swan Lake 20 13 IV F# Minor,
Danse des cygnes Op. 20 No. 13 V,Tchaikovsky,Op20no13,,1875-1876,Orchestra,,,Ballet,,OtherDance,,Russia,C# major,,Tchaikovsky,Swan Lake 20 13 V C# Major,
Danse des cygnes Op. 20 No. 13 VI,Tchaikovsky,Op20no13,,1875-1876,Orchestra,,,Ballet,,OtherDance,,Russia,Gb major,Gbmajor-Ebminor,Tchaikovsky,Swan Lake 20 13 VI Gb Major,
Danse des cygnes Op. 20 No. 13 VII,Tchaikovsky,Op20no13,,1875-1876,Orchestra,,,Ballet,,OtherDance,,Russia,Eb major,Ebmajor-Emajor,Tchaikovsky,Swan Lake 20 13 VII Eb Major,
Scene Op. 20 No. 14,Tchaikovsky,Op20no14,,1875-1876,Orchestra,,,Ballet,,,,Russia,B minor,,Tchaikovsky,Swan Lake 20 14 B Minor,
Scene Op. 20 No. 15,Tchaikovsky,Op20no15,,1875-1876,Orchestra,,,Ballet,,,,Russia,C major,,Tchaikovsky,Swan Lake 20 15 C Major,
Danse du corps de ballet et des nains Op. 20 No. 16,Tchaikovsky,Op20no16,,1875-1876,Orchestra,,,Ballet,,OtherDance,,Russia,F major,,Tchaikovsky,Swan Lake 20 16 F Major,
Scene Op. 20 No. 17,Tchaikovsky,Op20no17,,1875-1876,Orchestra,,,Ballet,,,,Russia,Ab major,,Tchaikovsky,Swan Lake 20 17 Ab Major,
Scene Op. 20 No. 18,Tchaikovsky,Op20no18,,1875-1876,Orchestra,,,Ballet,,,,Russia,Db major,Dbmajor-Fminor,Tchaikovsky,Swan Lake 20 18 Db Major,
Grand Pas de six Op. 20 No. 19 I,Tchaikovsky,Op20no19,,1875-1876,Orchestra,,,Ballet,,,,Russia,F major,,Tchaikovsky,Swan Lake 20 19 I F Major,
Grand Pas de six Op. 20 No. 19 II,Tchaikovsky,Op20no19,,1875-1876,Orchestra,,,Ballet,,,,Russia,Bb major,Bbmajor-Gmajor,Tchaikovsky,Swan Lake 20 19 II Bb Major,
Grand Pas de six Op. 20 No. 19 III,Tchaikovsky,Op20no19,,1875-1876,Orchestra,,,Ballet,,,,Russia,Eb major,,Tchaikovsky,Swan Lake 20 19 III Eb Major,
Grand Pas de six Op. 20 No. 19 IV,Tchaikovsky,Op20no19,,1875-1876,Orchestra,,,Ballet,,,,Russia,C minor,Cminor-Cmajor,Tchaikovsky,Swan Lake 20 19 IV C Minor,
Grand Pas de six Op. 20 No. 19 V,Tchaikovsky,Op20no19,,1875-1876,Orchestra,,,Ballet,,,,Russia,F minor,,Tchaikovsky,Swan Lake 20 19 V F Minor,
Grand Pas de six Op. 20 No. 19 VI,Tchaikovsky,Op20no19,,1875-1876,Orchestra,,,Ballet,,,,Russia,F minor,,Tchaikovsky,Swan Lake 20 19 VI F Minor,
Grand Pas de six Op. 20 No. 19 VII,Tchaikovsky,Op20no19,,1875-1876,Orchestra,,,Ballet,,,,Russia,Ab major,,Tchaikovsky,Swan Lake 20 19 VII Ab Major,
Pas de deux Op. 20 No. 19b I,Tchaikovsky,Op20no19b,,1875-1876,Orchestra,,,Ballet,,,,Russia,D major,,Tchaikovsky,Swan Lake 20 19b I D Major,
Pas de deux Op. 20 No. 19b II,Tchaikovsky,Op20no19b,,1875-1876,Orchestra,,,Ballet,,,,Russia,Bb major,,Tchaikovsky,Swan Lake 20 19b II Bb Major,
Pas de deux Op. 20 No. 19b III,Tchaikovsky,Op20no19b,,1875-1876,Orchestra,,,Ballet,,,,Russia,D major,,Tchaikovsky,Swan Lake 20 19b III D Major,
Pas de deux Op. 20 No. 19b IV,Tchaikovsky,Op20no19b,,1875-1876,Orchestra,,,Ballet,,,,Russia,A major,,Tchaikovsky,Swan Lake 20 19b IV A Major,
Waltz Op. 20 No. 2,Tchaikovsky,Op20no2,,1875-1876,Orchestra,,,Ballet,,Waltz,,Russia,A major,,Tchaikovsky,Swan Lake 20 2 A Major,
Danse hongroise Op. 20 No. 20,Tchaikovsky,Op20no20,,1875-1876,Orchestra,,,Ballet,,OtherDance,,Russia,A major,,Tchaikovsky,Swan Lake 20 20 A Major,
Danse russe Op. 20 No. 20b,Tchaikovsky,Op20no20b,,1875-1876,Orchestra,,,Ballet,,OtherDance,,Russia,D minor,Dminor-Aminor,Tchaikovsky,Swan Lake 20 20b D Minor,
Danse espagnole Op. 20 No. 21,Tchaikovsky,Op20no21,,1875-1876,Orchestra,,,Ballet,,OtherDance,,Russia,F# minor,F#minor-F#major,Tchaikovsky,Swan Lake 20 21 F# Minor,
Danse napoltitaine Op. 20 No. 22,Tchaikovsky,Op20no22,,1875-1876,Orchestra,,,Ballet,,OtherDance,,Russia,A major,Amajor-Dmajor,Tchaikovsky,Swan Lake 20 22 A Major,
Mazurka Op. 20 No. 23,Tchaikovsky,Op20no23,,1875-1876,Orchestra,,,Ballet,,,Mazurka,Russia,G major,,Tchaikovsky,Swan Lake 20 23 G Major,
Scene Op. 20 No. 24,Tchaikovsky,Op20no24,,1875-1876,Orchestra,,,Ballet,,,,Russia,C major,Cmajor-Fmajor,Tchaikovsky,Swan Lake 20 24 C Major,
Entracte Op. 20 No. 25,Tchaikovsky,Op20no25,,1875-1876,Orchestra,,,Ballet,,,,Russia,A major,Amajor-Aminor,Tchaikovsky,Swan Lake 20 25 A Major,
Scene Op. 20 No. 26,Tchaikovsky,Op20no26,,1875-1876,Orchestra,,,Ballet,,,,Russia,A minor,Aminor-Bbminor,Tchaikovsky,Swan Lake 20 26 A Minor,
Danse des petits cygnes Op. 20 No. 27,Tchaikovsky,Op20no27,,1875-1876,Orchestra,,,Ballet,,OtherDance,,Russia,Bb minor,,Tchaikovsky,Swan Lake 20 27 Bb Minor,
Scene Op. 20 No. 28,Tchaikovsky,Op20no28,,1875-1876,Orchestra,,,Ballet,,,,Russia,Eb minor,Ebminor-Emajor,Tchaikovsky,Swan Lake 20 28 Eb Minor,
Scene Op. 20 No. 29,Tchaikovsky,Op20no29,,1875-1876,Orchestra,,,Ballet,,,,Russia,A minor,Aminor-Bmajor,Tchaikovsky,Swan Lake 20 29 A Minor,
Scene Op. 20 No. 3,Tchaikovsky,Op20no3,,1875-1876,Orchestra,,,Ballet,,,,Russia,D major,,Tchaikovsky,Swan Lake 20 3 D Major,
Pas de trois Op. 20 No. 4 I,Tchaikovsky,Op20no4,,1875-1876,Orchestra,,,Ballet,,,,Russia,Bb major,,Tchaikovsky,Swan Lake 20 4 I Bb Major,
Pas de trois Op. 20 No. 4 II,Tchaikovsky,Op20no4,,1875-1876,Orchestra,,,Ballet,,,,Russia,F major,,Tchaikovsky,Swan Lake 20 4 II F Major,
Pas de trois Op. 20 No. 4 III,Tchaikovsky,Op20no4,,1875-1876,Orchestra,,,Ballet,,,,Russia,Bb major,,Tchaikovsky,Swan Lake 20 4 III Bb Major,
Pas de trois Op. 20 No. 4 IV,Tchaikovsky,Op20no4,,1875-1876,Orchestra,,,Ballet,,,,Russia,Bb major,,Tchaikovsky,Swan Lake 20 4 IV Bb Major,
Pas de trois Op. 20 No. 4 V,Tchaikovsky,Op20no4,,1875-1876,Orchestra,,,Ballet,,,,Russia,Bb major,,Tchaikovsky,Swan Lake 20 4 V Bb Major,
Pas de trois Op. 20 No. 4 VI,Tchaikovsky,Op20no4,,1875-1876,Orchestra,,,Ballet,,,,Russia,Bb major,,Tchaikovsky,Swan Lake 20 4 VI Bb Major,
Pas de deux Op. 20 No. 5 I,Tchaikovsky,Op20no5,,1875-1876,Orchestra,,,Ballet,,Waltz,,Russia,D major,,Tchaikovsky,Swan Lake 20 5 I D Major,
Pas de deux Op. 20 No. 5 II,Tchaikovsky,Op20no5,,1875-1876,Orchestra,,,Ballet,,,,Russia,B minor,Bminor-C#minor,Tchaikovsky,Swan Lake 20 5 II B Minor,
Pas de deux Op. 20 No. 5 III,Tchaikovsky,Op20no5,,1875-1876,Orchestra,,,Ballet,,Waltz,,Russia,A major,,Tchaikovsky,Swan Lake 20 5 III A Major,
Pas de deux Op. 20 No. 5 IV,Tchaikovsky,Op20no5,,1875-1876,Orchestra,,,Ballet,,Waltz,,Russia,Bb major,Bbmajor-Gmajor,Tchaikovsky,Swan Lake 20 5 IV Bb Major,
Pas d'action Op. 20 No. 6,Tchaikovsky,Op20no6,,1875-1876,Orchestra,,,Ballet,,,,Russia,E major,,Tchaikovsky,Swan Lake 20 6 E Major,
Sujet Op. 20 No. 7,Tchaikovsky,Op20no7,,1875-1876,Orchestra,,,Ballet,,,,Russia,E major,,Tchaikovsky,Swan Lake 20 7 E Major,
Dance with Goblets Op. 20 No. 8,Tchaikovsky,Op20no8,,1875-1876,Orchestra,,,Ballet,,OtherDance,,Russia,E major,,Tchaikovsky,Swan Lake 20 8 E Major,
Finale Op. 20 No. 9,Tchaikovsky,Op20no9,,1875-1876,Orchestra,,,Ballet,,,,Russia,B minor,Bminor-Bmajor,Tchaikovsky,Swan Lake 20 9 B Minor,
Symphony Op. 29 No. 3 I,Tchaikovsky,Op29no3,1875,,Orchestra,,,Symphony,,,FirstMovement,Russia,D minor,Dminor-Dmajor,Tchaikovsky,Symphony 29 3 I D Major,
Symphony Op. 29 No. 3 II,Tchaikovsky,Op29no3,1875,,Orchestra,,,Symphony,,,OtherMiddleMovement,Russia,G minor,Gminor-Bbmajor,Tchaikovsky,Symphony 29 3 II Bb Major,
Symphony Op. 29 No. 3 III,Tchaikovsky,Op29no3,1875,,Orchestra,,,Symphony,,,SlowMovement,Russia,D minor,,Tchaikovsky,Symphony 29 3 III D Minor,
Symphony Op. 29 No. 3 IV,Tchaikovsky,Op29no3,1875,,Orchestra,,,Symphony,,,OtherMiddleMovement,Russia,B minor,,Tchaikovsky,Symphony 29 3 IV B Minor,
Symphony Op. 29 No. 3 V,Tchaikovsky,Op29no3,1875,,Orchestra,,,Symphony,,,LastMovement,Russia,D major,,Tchaikovsky,Symphony 29 3 V D Major,
Symphony Op. 36 No. 4 I,Tchaikovsky,Op36no4,,1877-1878,Orchestra,,,Symphony,,,FirstMovement,Russia,F minor,,Tchaikovsky,Symphony 36 4 I F Minor,
Symphony Op. 36 No. 4 II,Tchaikovsky,Op36no4,,1877-1878,Orchestra,,,Symphony,,,SlowMovement,Russia,Bb minor,,Tchaikovsky,Symphony 36 4 II Bb Minor,
Symphony Op. 36 No. 4 III,Tchaikovsky,Op36no4,,1877-1878,Orchestra,,,Symphony,,,OtherMiddleMovement,Russia,F major,,Tchaikovsky,Symphony 36 4 III F Major,
Symphony Op. 36 No. 4 IV,Tchaikovsky,Op36no4,,1877-1878,Orchestra,,,Symphony,,,LastMovement,Russia,F major,,Tchaikovsky,Symphony 36 4 IV F Major,
Manfred Symphony Op. 58 I,Tchaikovsky,Op58,1885,,Orchestra,,,Symphony,,FirstMovement,,Russia,B minor,,Tchaikovsky,Symphony 58 I B Minor,
Symphony Op. 64 No. 5 I,Tchaikovsky,Op64no5,1888,,Orchestra,,,Symphony,,FirstMovement,,Russia,E minor,,Tchaikovsky,Symphony 64 5 I E Minor,
Symphony Op. 64 No. 5 II,Tchaikovsky,Op64no5,1888,,Orchestra,,,Symphony,,OtherMiddleMovement,,Russia,B minor,Bminor-Dmajor,Tchaikovsky,Symphony 64 5 II B Minor,
Symphony Op. 64 No. 5 III,Tchaikovsky,Op64no5,1888,,Orchestra,,,Symphony,,OtherMiddleMovement,Waltz,Russia,A major,,Tchaikovsky,Symphony 64 5 III A Major,
Symphony Op. 64 No. 5 IV,Tchaikovsky,Op64no5,1888,,Orchestra,,,Symphony,,LastMovement,,Russia,E major,,Tchaikovsky,Symphony 64 5 IV E Major,
Symphony Op. 74 No. 6 I,Tchaikovsky,Op74no6,1893,,Orchestra,,,Symphony,,FirstMovement,,Russia,E minor,Eminor-Bmajor,Tchaikovsky,Symphony 74 6 I E Minor,
Symphony Op. 74 No. 6 II,Tchaikovsky,Op74no6,1893,,Orchestra,,,Symphony,,OtherMiddleMovement,,Russia,D major,,Tchaikovsky,Symphony 74 6 II D Major,
Symphony Op. 74 No. 6 III,Tchaikovsky,Op74no6,1893,,Orchestra,,,Symphony,,OtherMiddleMovement,,Russia,G major,,Tchaikovsky,Symphony 74 6 III G Major,
Symphony Op. 74 No. 6 IV,Tchaikovsky,Op74no6,1893,,Orchestra,,,Symphony,,LastMovement,,Russia,B minor,,Tchaikovsky,Symphony 74 6 IV B Minor,
